Standing,Team,Total,P,K,P.1,K.1,P.2,K.2,P.3,K.3,Lobby,Round,P.4,K.4,P.5,K.5,Split,Region
1.0,BOG,66,112,1212,112,1010,102,0,37,1111,Lobby 1,Round_1,,,,,Split_1,APAC_South
2.0,LH,55,37,55,82,22,54,1616,29,1010,Lobby 1,Round_1,,,,,Split_1,APAC_South
3.0,4ChineseHorseman,53,29,88,29,99,37,1111,170,0,Lobby 1,Round_1,,,,,Split_1,APAC_South
4.0,DREAM,43,63,66,37,55,131,44,54,1313,Lobby 1,Round_1,,,,,Split_1,APAC_South
5.0,CKB,35,45,88,73,1212,111,11,141,44,Lobby 1,Round_1,,,,,Split_1,APAC_South
6.0,Scythe,33,151,0,54,44,112,1010,92,0,Lobby 1,Round_1,,,,,Split_1,APAC_South
7.0,SuperiorSoySauce,23,180,0,92,33,29,55,131,33,Lobby 1,Round_1,,,,,Split_1,APAC_South
8.0,LNW,20,82,55,170,0,45,55,102,11,Lobby 1,Round_1,,,,,Split_1,APAC_South
9.0,Another Support,19,111,0,111,0,190,0,112,55,Lobby 1,Round_1,,,,,Split_1,APAC_South
10.0,DESI,15,190,0,63,66,73,0,63,0,Lobby 1,Round_1,,,,,Split_1,APAC_South
11.0,Quentiam,14,73,55,121,33,141,0,151,0,Lobby 1,Round_1,,,,,Split_1,APAC_South
12.0,South Cartel,14,121,0,160,22,92,0,45,44,Lobby 1,Round_1,,,,,Split_1,APAC_South
13.0,Team Vicity,13,92,0,45,0,63,22,121,0,Lobby 1,Round_1,,,,,Split_1,APAC_South
14.0,Sanity,12,102,11,131,0,170,11,111,66,Lobby 1,Round_1,,,,,Split_1,APAC_South
15.0,X SPLITS,10,54,22,102,11,151,0,200,0,Lobby 1,Round_1,,,,,Split_1,APAC_South
16.0,MXT,6,200,0,200,0,180,11,73,22,Lobby 1,Round_1,,,,,Split_1,APAC_South
17.0,WINGS,5,170,11,141,33,160,0,190,0,Lobby 1,Round_1,,,,,Split_1,APAC_South
18.0,Lags Fault,4,131,22,190,0,121,0,180,0,Lobby 1,Round_1,,,,,Split_1,APAC_South
19.0,Sayu Supermacy,4,160,0,180,0,82,0,82,0,Lobby 1,Round_1,,,,,Split_1,APAC_South
20.0,Alco,3,141,11,151,0,200,0,160,0,Lobby 1,Round_1,,,,,Split_1,APAC_South
1.0,R.Harmony,57,112,1010,112,1414,121,0,102,66,Lobby 2,Round_1,,,,,Split_1,APAC_South
2.0,IFPD,50,141,22,190,0,112,1212,112,1111,Lobby 2,Round_1,,,,,Split_1,APAC_South
3.0,END,40,160,55,45,77,45,1010,73,55,Lobby 2,Round_1,,,,,Split_1,APAC_South
4.0,Juiced,31,54,33,92,44,73,66,92,77,Lobby 2,Round_1,,,,,Split_1,APAC_South
5.0,DYN,31,45,55,37,66,82,33,63,0,Lobby 2,Round_1,,,,,Split_1,APAC_South
6.0,Inferno DRT,31,63,11,102,11,37,99,45,33,Lobby 2,Round_1,,,,,Split_1,APAC_South
7.0,SLK,27,111,22,63,55,102,33,29,22,Lobby 2,Round_1,,,,,Split_1,APAC_South
8.0,RNG,23,170,11,160,11,63,11,37,1010,Lobby 2,Round_1,,,,,Split_1,APAC_South
9.0,Sigma Gamers,23,73,22,111,0,29,77,151,0,Lobby 2,Round_1,,,,,Split_1,APAC_South
10.0,Omnity,22,29,55,180,11,131,33,131,22,Lobby 2,Round_1,,,,,Split_1,APAC_South
11.0,Evolution NewGen,19,151,0,29,33,141,0,54,11,Lobby 2,Round_1,,,,,Split_1,APAC_South
12.0,UNX,18,92,44,54,66,151,0,111,0,Lobby 2,Round_1,,,,,Split_1,APAC_South
13.0,Wake Up Late,14,37,33,151,11,190,0,121,11,Lobby 2,Round_1,,,,,Split_1,APAC_South
14.0,DSK,11,190,0,141,44,92,11,160,33,Lobby 2,Round_1,,,,,Split_1,APAC_South
15.0,NANYANG,11,82,55,82,22,180,0,190,0,Lobby 2,Round_1,,,,,Split_1,APAC_South
16.0,Arcadian,9,102,33,121,11,111,0,180,11,Lobby 2,Round_1,,,,,Split_1,APAC_South
17.0,GOD OF DREAM,8,200,0,73,11,160,0,82,22,Lobby 2,Round_1,,,,,Split_1,APAC_South
18.0,Cookies,4,180,0,170,0,54,0,170,0,Lobby 2,Round_1,,,,,Split_1,APAC_South
19.0,Nitrogen Oxide,3,121,0,131,0,200,0,141,0,Lobby 2,Round_1,,,,,Split_1,APAC_South
20.0,Baron,1,131,0,200,0,170,0,200,0,Lobby 2,Round_1,,,,,Split_1,APAC_South
1.0,Job Seekers,81,111,99,37,1111,29,1111,112,2121,Lobby 3,Round_1,,,,,Split_1,APAC_South
2.0,AU Skyrise,65,112,1515,112,99,63,1313,131,0,Lobby 3,Round_1,,,,,Split_1,APAC_South
3.0,Antiaa,44,45,55,29,33,45,44,92,1111,Lobby 3,Round_1,,,,,Split_1,APAC_South
4.0,SkarptSinne,37,73,44,54,11,112,55,37,11,Lobby 3,Round_1,,,,,Split_1,APAC_South
5.0,LVTHN,22,121,11,63,22,92,0,29,44,Lobby 3,Round_1,,,,,Split_1,APAC_South
6.0,FLRV,22,29,33,102,0,54,0,63,11,Lobby 3,Round_1,,,,,Split_1,APAC_South
7.0,September,21,180,0,131,77,37,55,121,0,Lobby 3,Round_1,,,,,Split_1,APAC_South
8.0,Speed,18,54,55,111,11,102,33,102,0,Lobby 3,Round_1,,,,,Split_1,APAC_South
9.0,ALZ,16,37,11,82,11,73,0,82,0,Lobby 3,Round_1,,,,,Split_1,APAC_South
10.0,LAG,15,82,33,92,22,141,44,151,0,Lobby 3,Round_1,,,,,Split_1,APAC_South
11.0,Teriyaki Boyz,15,63,44,151,0,82,44,111,0,Lobby 3,Round_1,,,,,Split_1,APAC_South
12.0,Team Shinigami,13,102,11,180,0,151,0,45,44,Lobby 3,Round_1,,,,,Split_1,APAC_South
13.0,Nostalgic Ferets,12,160,0,141,33,121,0,54,33,Lobby 3,Round_1,,,,,Split_1,APAC_South
14.0,Wonders Esports,10,151,0,45,33,170,0,141,0,Lobby 3,Round_1,,,,,Split_1,APAC_South
15.0,6969,9,92,0,170,0,131,0,73,33,Lobby 3,Round_1,,,,,Split_1,APAC_South
16.0,Team eXplicit,7,131,11,121,44,160,0,160,0,Lobby 3,Round_1,,,,,Split_1,APAC_South
17.0,Pagan Patrol,5,141,0,73,0,111,0,170,0,Lobby 3,Round_1,,,,,Split_1,APAC_South
18.0,Ace Players,0,190,0,200,0,200,0,200,0,Lobby 3,Round_1,,,,,Split_1,APAC_South
19.0,Dark Rangers,0,200,0,200,0,200,0,200,0,Lobby 3,Round_1,,,,,Split_1,APAC_South
20.0,dongsters,0,170,0,160,0,180,0,180,0,Lobby 3,Round_1,,,,,Split_1,APAC_South
1.0,EMM,100,37,1515,29,1515,112,1616,112,1414,Lobby 4,Round_1,,,,,Split_1,APAC_South
2.0,Multicultural,44,112,77,63,0,54,33,29,66,Lobby 4,Round_1,,,,,Split_1,APAC_South
3.0,OGL,40,92,0,112,1111,45,22,54,44,Lobby 4,Round_1,,,,,Split_1,APAC_South
4.0,BTCxWGG,30,131,0,54,99,82,55,45,44,Lobby 4,Round_1,,,,,Split_1,APAC_South
5.0,Systematic,27,45,66,102,33,63,44,141,33,Lobby 4,Round_1,,,,,Split_1,APAC_South
6.0,Masters Please,26,54,22,37,11,29,0,102,11,Lobby 4,Round_1,,,,,Split_1,APAC_South
7.0,OC,21,73,0,92,66,92,33,92,33,Lobby 4,Round_1,,,,,Split_1,APAC_South
8.0,C10H15N,21,29,55,170,0,73,33,151,0,Lobby 4,Round_1,,,,,Split_1,APAC_South
9.0,Hardstucks,21,63,22,111,0,37,55,82,11,Lobby 4,Round_1,,,,,Split_1,APAC_South
10.0,EVOLUTION BLACK,19,111,55,160,33,151,11,131,77,Lobby 4,Round_1,,,,,Split_1,APAC_South
11.0,delaynomore,15,170,0,131,0,102,55,63,44,Lobby 4,Round_1,,,,,Split_1,APAC_South
12.0,Astreaks Gaming,15,190,0,121,44,170,0,37,33,Lobby 4,Round_1,,,,,Split_1,APAC_South
13.0,Triple Cobra,13,82,22,141,0,111,33,73,11,Lobby 4,Round_1,,,,,Split_1,APAC_South
14.0,LightSaber,6,121,33,180,0,121,11,170,0,Lobby 4,Round_1,,,,,Split_1,APAC_South
15.0,Gamerz,4,151,0,151,0,160,11,111,0,Lobby 4,Round_1,,,,,Split_1,APAC_South
16.0,MY Shad0w,4,160,0,73,0,141,0,160,0,Lobby 4,Round_1,,,,,Split_1,APAC_South
17.0,Elegants,3,141,0,82,0,190,0,200,0,Lobby 4,Round_1,,,,,Split_1,APAC_South
18.0,TEXT XENION,2,200,0,200,0,131,0,121,0,Lobby 4,Round_1,,,,,Split_1,APAC_South
19.0,Clipped,0,180,0,200,0,180,0,180,0,Lobby 4,Round_1,,,,,Split_1,APAC_South
20.0,Sunda Gaming,0,200,0,200,0,200,0,200,0,Lobby 4,Round_1,,,,,Split_1,APAC_South
1.0,IFPD,125,1,14,1,10,1,18,3,7,Lobby 1,Semifinals,2.0,7.0,8.0,15.0,Split_1,APAC_South
2.0,R.Harmony,71,7,4,8,6,4,8,4,6,Lobby 1,Semifinals,20.0,0.0,1.0,20.0,Split_1,APAC_South
3.0,DREAM,69,3,10,3,7,18,0,1,12,Lobby 1,Semifinals,3.0,6.0,15.0,0.0,Split_1,APAC_South
4.0,LH,52,11,3,5,10,5,2,7,0,Lobby 1,Semifinals,1.0,9.0,14.0,3.0,Split_1,APAC_South
5.0,CKB,43,2,3,2,2,16,6,11,0,Lobby 1,Semifinals,6.0,10.0,17.0,0.0,Split_1,APAC_South
6.0,4ChineseHorseman,41,5,8,10,0,10,4,18,3,Lobby 1,Semifinals,7.0,0.0,2.0,6.0,Split_1,APAC_South
7.0,RNG,31,6,0,15,3,8,1,2,8,Lobby 1,Semifinals,13.0,3.0,18.0,0.0,Split_1,APAC_South
8.0,DESI,31,19,0,14,2,2,4,5,2,Lobby 1,Semifinals,15.0,0.0,3.0,1.0,Split_1,APAC_South
9.0,BOG,29,14,1,6,1,15,1,9,3,Lobby 1,Semifinals,5.0,6.0,6.0,3.0,Split_1,APAC_South
10.0,END,29,9,5,7,3,14,2,16,2,Lobby 1,Semifinals,4.0,1.0,7.0,2.0,Split_1,APAC_South
11.0,DYN,23,10,0,9,0,7,2,6,5,Lobby 1,Semifinals,11.0,0.0,5.0,1.0,Split_1,APAC_South
12.0,Juiced,21,13,1,13,2,11,1,19,3,Lobby 1,Semifinals,17.0,0.0,4.0,6.0,Split_1,APAC_South
13.0,LNW,18,4,2,11,3,12,3,8,0,Lobby 1,Semifinals,19.0,0.0,12.0,0.0,Split_1,APAC_South
14.0,Scythe,16,15,4,19,2,6,4,20,0,Lobby 1,Semifinals,10.0,0.0,19.0,0.0,Split_1,APAC_South
15.0,SuperiorSoySauce,13,17,0,12,2,19,0,12,0,Lobby 1,Semifinals,14.0,8.0,20.0,0.0,Split_1,APAC_South
16.0,Omnity,13,16,0,4,1,20,0,10,2,Lobby 1,Semifinals,18.0,0.0,10.0,1.0,Split_1,APAC_South
17.0,Sigma Gamers,13,20,1,20,0,3,2,17,0,Lobby 1,Semifinals,12.0,0.0,9.0,0.0,Split_1,APAC_South
18.0,Another Support,12,8,0,17,1,9,0,13,0,Lobby 1,Semifinals,8.0,3.0,13.0,0.0,Split_1,APAC_South
19.0,Inferno DRT,10,12,0,16,3,17,0,15,0,Lobby 1,Semifinals,16.0,3.0,11.0,1.0,Split_1,APAC_South
20.0,SLK,8,18,0,18,0,13,0,14,0,Lobby 1,Semifinals,9.0,4.0,16.0,0.0,Split_1,APAC_South
1.0,EMM,103,6,1,5,15,1,18,1,17,Lobby 2,Semifinals,15.0,0.0,3.0,13.0,Split_1,APAC_South
2.0,Antiaa,80,10,9,6,9,5,2,4,7,Lobby 2,Semifinals,1.0,13.0,2.0,5.0,Split_1,APAC_South
3.0,OC,57,1,11,15,0,9,3,7,2,Lobby 2,Semifinals,11.0,2.0,1.0,8.0,Split_1,APAC_South
4.0,BTCxWGG,51,14,1,2,7,2,6,16,0,Lobby 2,Semifinals,2.0,4.0,5.0,1.0,Split_1,APAC_South
5.0,Multicultural,41,4,4,10,1,3,5,2,3,Lobby 2,Semifinals,17.0,0.0,6.0,2.0,Split_1,APAC_South
6.0,Job Seekers,39,13,3,1,11,7,2,5,3,Lobby 2,Semifinals,18.0,0.0,17.0,0.0,Split_1,APAC_South
7.0,AU Skyrise,36,18,3,17,1,4,12,9,2,Lobby 2,Semifinals,4.0,2.0,13.0,3.0,Split_1,APAC_South
8.0,Systematic,34,8,2,7,3,13,0,8,8,Lobby 2,Semifinals,8.0,9.0,10.0,0.0,Split_1,APAC_South
9.0,Hardstucks,32,5,5,11,0,16,0,10,0,Lobby 2,Semifinals,7.0,10.0,14.0,6.0,Split_1,APAC_South
10.0,OGL,26,9,5,13,1,8,0,6,3,Lobby 2,Semifinals,3.0,0.0,8.0,0.0,Split_1,APAC_South
11.0,EVOLUTION BLACK,25,3,6,19,0,10,4,12,0,Lobby 2,Semifinals,12.0,0.0,12.0,3.0,Split_1,APAC_South
12.0,Speed,21,2,5,4,0,15,0,15,0,Lobby 2,Semifinals,16.0,0.0,16.0,0.0,Split_1,APAC_South
13.0,September,18,11,2,9,0,14,0,18,0,Lobby 2,Semifinals,9.0,7.0,7.0,0.0,Split_1,APAC_South
14.0,SkarptSinne,17,15,0,8,2,18,0,13,0,Lobby 2,Semifinals,13.0,1.0,4.0,4.0,Split_1,APAC_South
15.0,LVTHN,17,12,1,3,3,17,0,11,0,Lobby 2,Semifinals,6.0,0.0,15.0,0.0,Split_1,APAC_South
16.0,Teriyaki Boyz,16,20,0,12,0,11,1,3,4,Lobby 2,Semifinals,14.0,0.0,11.0,0.0,Split_1,APAC_South
17.0,ALZ,14,7,0,14,0,6,0,14,0,Lobby 2,Semifinals,5.0,2.0,20.0,0.0,Split_1,APAC_South
18.0,FLRV,8,19,0,18,0,12,0,17,1,Lobby 2,Semifinals,10.0,0.0,9.0,2.0,Split_1,APAC_South
19.0,C10H15N,1,17,0,16,1,20,0,20,0,Lobby 2,Semifinals,20.0,0.0,20.0,0.0,Split_1,APAC_South
20.0,Masters Please,0,16,0,20,0,20,0,20,0,Lobby 2,Semifinals,20.0,0.0,20.0,0.0,Split_1,APAC_South
1.0,DREAM,68,18,3,1,12,4,5,9,1,Lobby 1,Finals,11.0,1.0,2.0,17.0,Split_1,APAC_South
2.0,EMM,57,5,4,9,3,2,14,5,6,Lobby 1,Finals,7.0,4.0,16.0,4.0,Split_1,APAC_South
3.0,Antiaa,50,13,2,12,4,1,12,10,2,Lobby 1,Finals,13.0,3.0,4.0,5.0,Split_1,APAC_South
4.0,IFPD,47,15,2,4,8,20,0,18,2,Lobby 1,Finals,4.0,11.0,3.0,6.0,Split_1,APAC_South
5.0,BOG,47,2,7,18,0,3,1,1,10,Lobby 1,Finals,19.0,0.0,12.0,0.0,Split_1,APAC_South
6.0,END,45,1,8,17,0,17,1,4,1,Lobby 1,Finals,3.0,6.0,10.0,3.0,Split_1,APAC_South
7.0,OC,43,3,8,2,8,14,1,8,5,Lobby 1,Finals,15.0,0.0,13.0,0.0,Split_1,APAC_South
8.0,LH,42,11,9,3,8,10,5,6,1,Lobby 1,Finals,10.0,0.0,7.0,1.0,Split_1,APAC_South
9.0,Job Seekers,40,10,1,6,3,13,0,17,3,Lobby 1,Finals,1.0,9.0,8.0,4.0,Split_1,APAC_South
10.0,Multicultural,32,17,0,14,0,5,9,2,2,Lobby 1,Finals,12.0,2.0,15.0,3.0,Split_1,APAC_South
11.0,Systematic,32,20,0,5,3,7,1,14,0,Lobby 1,Finals,14.0,0.0,1.0,7.0,Split_1,APAC_South
12.0,4ChineseHorseman,31,12,3,7,2,19,0,3,6,Lobby 1,Finals,8.0,7.0,19.0,0.0,Split_1,APAC_South
13.0,R.Harmony,29,4,3,13,5,16,3,15,3,Lobby 1,Finals,5.0,4.0,18.0,0.0,Split_1,APAC_South
14.0,CKB,26,9,1,20,0,11,0,7,6,Lobby 1,Finals,9.0,3.0,5.0,4.0,Split_1,APAC_South
15.0,DESI,21,6,0,8,0,6,0,11,4,Lobby 1,Finals,6.0,2.0,6.0,0.0,Split_1,APAC_South
16.0,OGL,20,19,0,10,1,8,0,12,0,Lobby 1,Finals,2.0,3.0,9.0,0.0,Split_1,APAC_South
17.0,AU Skyrise,19,14,2,16,0,9,6,13,4,Lobby 1,Finals,16.0,0.0,11.0,2.0,Split_1,APAC_South
18.0,RNG,6,7,0,15,0,18,0,16,0,Lobby 1,Finals,18.0,0.0,17.0,2.0,Split_1,APAC_South
19.0,Hardstucks,5,8,2,19,0,12,0,19,0,Lobby 1,Finals,20.0,0.0,20.0,0.0,Split_1,APAC_South
20.0,BTCxWGG,4,16,0,11,0,15,1,20,0,Lobby 1,Finals,17.0,0.0,14.0,0.0,Split_1,APAC_South
1.0,Job Seekers,58,29,66,112,1313,37,22,73,66,Lobby 1,Round_1,,,,,Split_1,APAC_South
2.0,IFPD,56,112,1111,73,22,54,11,112,1111,Lobby 1,Round_1,,,,,Split_1,APAC_South
3.0,DREAM,45,37,1111,54,0,112,99,111,11,Lobby 1,Round_1,,,,,Split_1,APAC_South
4.0,NANYANG,33,73,55,37,33,45,55,121,44,Lobby 1,Round_1,,,,,Split_1,APAC_South
5.0,MXT,28,141,33,160,22,92,77,92,1111,Lobby 1,Round_1,,,,,Split_1,APAC_South
6.0,HEK TEW,26,92,0,29,77,82,11,45,0,Lobby 1,Round_1,,,,,Split_1,APAC_South
7.0,CKB,25,111,0,141,0,29,1212,102,0,Lobby 1,Round_1,,,,,Split_1,APAC_South
8.0,Systematic,23,45,33,131,0,111,0,29,44,Lobby 1,Round_1,,,,,Split_1,APAC_South
9.0,LNW,22,121,22,63,11,63,66,63,33,Lobby 1,Round_1,,,,,Split_1,APAC_South
10.0,DVG,21,170,0,45,77,141,0,54,44,Lobby 1,Round_1,,,,,Split_1,APAC_South
11.0,DYN,20,63,11,82,44,102,0,37,11,Lobby 1,Round_1,,,,,Split_1,APAC_South
12.0,OSP,15,102,22,102,55,73,0,160,11,Lobby 1,Round_1,,,,,Split_1,APAC_South
13.0,Team eXplicit,11,54,11,151,0,121,11,151,22,Lobby 1,Round_1,,,,,Split_1,APAC_South
14.0,Petarunxx,9,151,0,92,33,151,0,131,11,Lobby 1,Round_1,,,,,Split_1,APAC_South
15.0,Triads,6,131,33,111,0,170,0,141,0,Lobby 1,Round_1,,,,,Split_1,APAC_South
16.0,Wonders Esports,6,82,22,170,0,160,0,82,0,Lobby 1,Round_1,,,,,Split_1,APAC_South
17.0,SuperiorSoySauce,4,160,0,121,0,131,22,170,0,Lobby 1,Round_1,,,,,Split_1,APAC_South
18.0,SW1PE,0,200,0,200,0,200,0,200,0,Lobby 1,Round_1,,,,,Split_1,APAC_South
19.0,SLK,0,180,0,200,0,200,0,200,0,Lobby 1,Round_1,,,,,Split_1,APAC_South
1.0,BOG,92,29,66,112,99,112,88,112,2424,Lobby 2,Round_1,,,,,Split_1,APAC_South
2.0,AU Skyrise,75,112,2323,29,1313,131,66,54,77,Lobby 2,Round_1,,,,,Split_1,APAC_South
3.0,4ChineseHorseman,36,151,22,37,22,45,77,29,33,Lobby 2,Round_1,,,,,Split_1,APAC_South
4.0,OGL,33,82,0,102,88,29,55,82,55,Lobby 2,Round_1,,,,,Split_1,APAC_South
5.0,Quentiam,25,54,44,63,44,111,44,73,22,Lobby 2,Round_1,,,,,Split_1,APAC_South
6.0,END,25,73,33,92,0,37,88,92,0,Lobby 2,Round_1,,,,,Split_1,APAC_South
7.0,6969,18,45,11,160,33,151,0,45,33,Lobby 2,Round_1,,,,,Split_1,APAC_South
8.0,TEXT XENION,15,111,33,54,44,180,22,121,0,Lobby 2,Round_1,,,,,Split_1,APAC_South
9.0,EVO.Supreme,15,160,33,141,22,121,0,37,11,Lobby 2,Round_1,,,,,Split_1,APAC_South
10.0,September,15,37,0,180,0,102,66,160,0,Lobby 2,Round_1,,,,,Split_1,APAC_South
11.0,Lags Fault,12,63,11,73,11,92,0,102,0,Lobby 2,Round_1,,,,,Split_1,APAC_South
12.0,PAKORAS,11,141,22,82,11,141,0,63,11,Lobby 2,Round_1,,,,,Split_1,APAC_South
13.0,X SPLITS,9,170,11,45,11,82,0,170,0,Lobby 2,Round_1,,,,,Split_1,APAC_South
14.0,FLRV,8,180,0,131,0,73,33,111,0,Lobby 2,Round_1,,,,,Split_1,APAC_South
15.0,ALZ,8,121,0,121,11,54,0,131,0,Lobby 2,Round_1,,,,,Split_1,APAC_South
16.0,Freedom,7,92,22,151,0,160,0,151,11,Lobby 2,Round_1,,,,,Split_1,APAC_South
17.0,1ㄟ必取要不要打APEX,7,131,0,111,0,63,0,141,11,Lobby 2,Round_1,,,,,Split_1,APAC_South
18.0,Wake Up Late,3,102,0,170,0,170,11,180,0,Lobby 2,Round_1,,,,,Split_1,APAC_South
1.0,BTCxWGG,71,112,1313,45,1515,131,0,112,1313,Lobby 3,Round_1,,,,,Split_1,APAC_South
2.0,Multicultural,61,37,1212,63,22,112,1313,45,77,Lobby 3,Round_1,,,,,Split_1,APAC_South
3.0,EMM,47,73,22,54,44,121,55,29,1919,Lobby 3,Round_1,,,,,Split_1,APAC_South
4.0,LH,39,141,33,112,1111,45,44,73,0,Lobby 3,Round_1,,,,,Split_1,APAC_South
5.0,Soosmar slayer,28,111,0,29,55,63,55,63,22,Lobby 3,Round_1,,,,,Split_1,APAC_South
6.0,Evolution NewGen,27,45,22,131,33,29,77,190,0,Lobby 3,Round_1,,,,,Split_1,APAC_South
7.0,Inferno DRT,25,92,44,37,11,37,33,151,0,Lobby 3,Round_1,,,,,Split_1,APAC_South
8.0,DNT,24,29,77,111,33,160,44,170,0,Lobby 3,Round_1,,,,,Split_1,APAC_South
9.0,R.Harmony,21,160,0,102,44,111,33,37,44,Lobby 3,Round_1,,,,,Split_1,APAC_South
10.0,C00kedGamingClan,15,54,44,82,11,92,11,160,11,Lobby 3,Round_1,,,,,Split_1,APAC_South
11.0,Sayu Supermacy,13,63,0,121,0,73,0,54,22,Lobby 3,Round_1,,,,,Split_1,APAC_South
12.0,Sanity,12,170,0,73,11,141,44,92,11,Lobby 3,Round_1,,,,,Split_1,APAC_South
13.0,Arcadian,10,131,0,92,0,102,11,131,33,Lobby 3,Round_1,,,,,Split_1,APAC_South
14.0,Kardinals,9,180,0,180,0,54,22,82,11,Lobby 3,Round_1,,,,,Split_1,APAC_South
15.0,Astreaks Gaming,6,102,44,170,0,190,0,180,0,Lobby 3,Round_1,,,,,Split_1,APAC_South
16.0,EVOLUTION BLACK,5,82,0,141,0,170,0,141,11,Lobby 3,Round_1,,,,,Split_1,APAC_South
17.0,Triple Cobra,4,121,0,160,0,82,0,121,0,Lobby 3,Round_1,,,,,Split_1,APAC_South
18.0,SkarptSinne,3,190,0,200,0,151,0,111,11,Lobby 3,Round_1,,,,,Split_1,APAC_South
19.0,Informal Squad,3,151,0,200,0,180,0,102,0,Lobby 3,Round_1,,,,,Split_1,APAC_South
1.0,Juiced,60,54,88,29,88,112,99,63,77,Lobby 4,Round_1,,,,,Split_1,APAC_South
2.0,Antiaa,54,63,66,63,66,29,77,112,88,Lobby 4,Round_1,,,,,Split_1,APAC_South
3.0,Overclocked,52,29,1414,45,66,73,88,37,0,Lobby 4,Round_1,,,,,Split_1,APAC_South
4.0,OC,35,37,55,112,99,111,11,170,0,Lobby 4,Round_1,,,,,Split_1,APAC_South
5.0,South Cartel,31,160,22,170,44,141,33,29,1212,Lobby 4,Round_1,,,,,Split_1,APAC_South
6.0,GOD OF DREAM,30,112,55,151,11,37,0,131,33,Lobby 4,Round_1,,,,,Split_1,APAC_South
7.0,GBR,29,73,0,121,66,45,88,73,33,Lobby 4,Round_1,,,,,Split_1,APAC_South
8.0,Sigma Gamers,23,141,33,92,22,54,44,54,33,Lobby 4,Round_1,,,,,Split_1,APAC_South
9.0,CRYPTICUS,17,180,0,37,33,92,33,151,11,Lobby 4,Round_1,,,,,Split_1,APAC_South
10.0,Hardstucks,14,45,55,180,0,160,0,121,33,Lobby 4,Round_1,,,,,Split_1,APAC_South
11.0,DESI,14,111,0,82,11,63,22,92,33,Lobby 4,Round_1,,,,,Split_1,APAC_South
12.0,Just Send It,13,102,0,54,33,102,0,111,11,Lobby 4,Round_1,,,,,Split_1,APAC_South
13.0,LightSaber,12,170,0,131,0,151,33,82,55,Lobby 4,Round_1,,,,,Split_1,APAC_South
14.0,LAG,8,151,0,160,0,131,0,45,11,Lobby 4,Round_1,,,,,Split_1,APAC_South
15.0,LVTHN,7,92,0,73,0,121,11,180,0,Lobby 4,Round_1,,,,,Split_1,APAC_South
16.0,C10H15N,7,82,0,111,0,82,0,102,0,Lobby 4,Round_1,,,,,Split_1,APAC_South
17.0,Nostalgic Ferets,4,121,11,141,0,180,0,141,0,Lobby 4,Round_1,,,,,Split_1,APAC_South
18.0,DSK,4,131,0,102,11,170,0,160,0,Lobby 4,Round_1,,,,,Split_1,APAC_South
1.0,END,87,4,2,3,6,1,9,2,4,Lobby 1,Semifinals,1.0,14.0,5.0,3.0,Split_1,APAC_South
2.0,4ChineseHorseman,84,5,2,1,10,5,11,1,13,Lobby 1,Semifinals,13.0,0.0,3.0,8.0,Split_1,APAC_South
3.0,BOG,66,1,12,7,5,10,1,3,8,Lobby 1,Semifinals,5.0,6.0,4.0,1.0,Split_1,APAC_South
4.0,IFPD,61,7,8,15,1,3,14,4,8,Lobby 1,Semifinals,16.0,3.0,7.0,8.0,Split_1,APAC_South
5.0,September,48,12,0,2,9,7,0,9,1,Lobby 1,Semifinals,8.0,0.0,1.0,9.0,Split_1,APAC_South
6.0,CKB,45,3,5,18,1,11,1,11,3,Lobby 1,Semifinals,3.0,4.0,2.0,6.0,Split_1,APAC_South
7.0,NANYANG,43,2,3,17,0,8,2,5,4,Lobby 1,Semifinals,4.0,5.0,9.0,7.0,Split_1,APAC_South
8.0,Job Seekers,37,8,0,11,3,2,2,8,1,Lobby 1,Semifinals,2.0,8.0,17.0,0.0,Split_1,APAC_South
9.0,MXT,30,19,1,4,15,19,0,17,5,Lobby 1,Semifinals,18.0,3.0,13.0,0.0,Split_1,APAC_South
10.0,HEK TEW,26,13,4,6,3,15,4,12,3,Lobby 1,Semifinals,7.0,0.0,8.0,1.0,Split_1,APAC_South
11.0,DREAM,23,9,3,5,2,14,0,13,3,Lobby 1,Semifinals,6.0,0.0,6.0,1.0,Split_1,APAC_South
12.0,LNW,19,10,2,13,0,4,4,7,0,Lobby 1,Semifinals,15.0,0.0,11.0,0.0,Split_1,APAC_South
13.0,Systematic,18,6,5,12,2,9,2,15,0,Lobby 1,Semifinals,9.0,0.0,18.0,0.0,Split_1,APAC_South
14.0,TEXT XENION,16,15,1,10,0,20,0,14,0,Lobby 1,Semifinals,10.0,3.0,10.0,4.0,Split_1,APAC_South
15.0,AU Skyrise,14,16,0,16,0,18,1,18,0,Lobby 1,Semifinals,11.0,8.0,12.0,3.0,Split_1,APAC_South
16.0,EVO.Supreme,12,14,4,8,2,6,0,19,0,Lobby 1,Semifinals,20.0,0.0,19.0,0.0,Split_1,APAC_South
17.0,OGL,10,11,1,14,0,13,1,6,1,Lobby 1,Semifinals,19.0,0.0,15.0,0.0,Split_1,APAC_South
18.0,DVG,9,17,0,9,2,12,0,10,0,Lobby 1,Semifinals,14.0,0.0,16.0,1.0,Split_1,APAC_South
19.0,Quentiam,5,20,0,20,0,16,0,20,0,Lobby 1,Semifinals,12.0,3.0,14.0,0.0,Split_1,APAC_South
20.0,6969,0,18,0,19,0,17,0,16,0,Lobby 1,Semifinals,17.0,0.0,20.0,0.0,Split_1,APAC_South
1.0,Juiced,66,1,8,2,9,6,3,7,5,Lobby 2,Semifinals,4.0,8.0,12.0,0.0,Split_1,APAC_South
2.0,LH,64,3,8,10,0,2,8,15,3,Lobby 2,Semifinals,6.0,3.0,1.0,8.0,Split_1,APAC_South
3.0,Antiaa,59,4,1,8,5,1,16,6,5,Lobby 2,Semifinals,7.0,3.0,6.0,1.0,Split_1,APAC_South
4.0,Inferno DRT,53,15,0,3,4,3,9,1,9,Lobby 2,Semifinals,10.0,1.0,16.0,1.0,Split_1,APAC_South
5.0,OC,53,8,1,1,5,4,4,4,4,Lobby 2,Semifinals,12.0,0.0,3.0,7.0,Split_1,APAC_South
6.0,BTCxWGG,49,2,8,5,5,14,0,11,0,Lobby 2,Semifinals,1.0,7.0,10.0,0.0,Split_1,APAC_South
7.0,Overclocked,39,20,0,20,0,19,0,13,3,Lobby 2,Semifinals,2.0,9.0,2.0,8.0,Split_1,APAC_South
8.0,EMM,36,9,7,7,5,8,6,5,4,Lobby 2,Semifinals,16.0,0.0,8.0,1.0,Split_1,APAC_South
9.0,Evolution NewGen,36,6,0,14,1,12,2,10,0,Lobby 2,Semifinals,3.0,7.0,5.0,8.0,Split_1,APAC_South
10.0,Hardstucks,32,18,0,11,0,9,1,9,8,Lobby 2,Semifinals,5.0,7.0,11.0,6.0,Split_1,APAC_South
11.0,South Cartel,29,16,0,12,6,20,0,2,10,Lobby 2,Semifinals,13.0,2.0,18.0,0.0,Split_1,APAC_South
12.0,GBR,27,10,6,17,0,16,2,3,2,Lobby 2,Semifinals,18.0,3.0,7.0,2.0,Split_1,APAC_South
13.0,DNT,20,17,0,4,7,15,0,14,0,Lobby 2,Semifinals,8.0,2.0,15.0,1.0,Split_1,APAC_South
14.0,R.Harmony,19,14,3,18,3,18,3,20,0,Lobby 2,Semifinals,9.0,0.0,4.0,2.0,Split_1,APAC_South
15.0,Soosmar slayer,18,5,5,9,5,13,0,19,0,Lobby 2,Semifinals,19.0,0.0,14.0,0.0,Split_1,APAC_South
16.0,GOD OF DREAM,16,7,2,15,1,7,0,12,0,Lobby 2,Semifinals,15.0,0.0,13.0,3.0,Split_1,APAC_South
17.0,Multicultural,11,13,0,13,0,5,1,8,0,Lobby 2,Semifinals,14.0,0.0,17.0,1.0,Split_1,APAC_South
18.0,CRYPTICUS,7,12,0,6,0,10,1,17,0,Lobby 2,Semifinals,17.0,0.0,20.0,0.0,Split_1,APAC_South
19.0,Sigma Gamers,6,11,0,19,0,11,0,16,0,Lobby 2,Semifinals,11.0,1.0,9.0,0.0,Split_1,APAC_South
20.0,C00kedGamingClan,1,19,0,16,0,17,0,18,1,Lobby 2,Semifinals,20.0,0.0,20.0,0.0,Split_1,APAC_South
1.0,Antiaa,86,19,0,1,17,4,4,4,15,Lobby 1,Finals,7.0,5.0,3.0,13.0,Split_1,APAC_South
2.0,IFPD,75,5,6,13,2,5,10,1,14,Lobby 1,Finals,2.0,9.0,15.0,3.0,Split_1,APAC_South
3.0,END,62,1,7,4,3,3,6,9,0,Lobby 1,Finals,6.0,9.0,9.0,6.0,Split_1,APAC_South
4.0,EMM,51,4,2,12,4,9,3,15,5,Lobby 1,Finals,19.0,3.0,1.0,13.0,Split_1,APAC_South
5.0,BOG,50,8,1,2,4,14,0,3,2,Lobby 1,Finals,1.0,10.0,8.0,0.0,Split_1,APAC_South
6.0,CKB,48,2,7,10,0,17,0,2,9,Lobby 1,Finals,8.0,7.0,7.0,0.0,Split_1,APAC_South
7.0,Evolution NewGen,44,3,8,5,6,15,3,8,1,Lobby 1,Finals,14.0,3.0,14.0,7.0,Split_1,APAC_South
8.0,BTCxWGG,35,20,0,14,1,1,10,10,2,Lobby 1,Finals,5.0,2.0,11.0,0.0,Split_1,APAC_South
9.0,LH,33,10,7,8,1,11,4,16,0,Lobby 1,Finals,3.0,2.0,4.0,2.0,Split_1,APAC_South
10.0,Juiced,30,13,0,3,3,2,7,13,2,Lobby 1,Finals,18.0,0.0,17.0,0.0,Split_1,APAC_South
11.0,Overclocked,28,9,1,9,0,8,4,7,2,Lobby 1,Finals,4.0,4.0,19.0,3.0,Split_1,APAC_South
12.0,Job Seekers,22,6,2,11,6,7,0,5,1,Lobby 1,Finals,10.0,0.0,16.0,0.0,Split_1,APAC_South
13.0,Inferno DRT,21,12,2,7,2,10,1,6,3,Lobby 1,Finals,9.0,1.0,13.0,0.0,Split_1,APAC_South
14.0,NANYANG,19,11,4,19,0,19,0,19,0,Lobby 1,Finals,13.0,0.0,2.0,4.0,Split_1,APAC_South
15.0,OC,14,7,2,15,3,13,0,14,0,Lobby 1,Finals,15.0,0.0,12.0,1.0,Split_1,APAC_South
16.0,4ChineseHorseman,11,17,0,17,0,18,0,11,0,Lobby 1,Finals,12.0,1.0,5.0,4.0,Split_1,APAC_South
17.0,HEK TEW,11,15,0,6,1,12,0,18,0,Lobby 1,Finals,16.0,3.0,10.0,0.0,Split_1,APAC_South
18.0,Hardstucks,10,14,5,16,0,6,0,12,0,Lobby 1,Finals,17.0,0.0,20.0,0.0,Split_1,APAC_South
19.0,September,8,18,0,18,0,16,2,17,0,Lobby 1,Finals,11.0,0.0,6.0,2.0,Split_1,APAC_South
20.0,MXT,0,16,0,20,0,20,0,20,0,Lobby 1,Finals,20.0,0.0,18.0,0.0,Split_1,APAC_South
1.0,GOB-ARH,59,45,1616,151,0,111,11,112,2323,Lobby 1,Round_1,,,,,Split_1,APAC_South
2.0,MXT,49,29,44,63,66,29,99,54,55,Lobby 1,Round_1,,,,,Split_1,APAC_South
3.0,DESI,43,63,0,29,66,112,99,82,22,Lobby 1,Round_1,,,,,Split_1,APAC_South
4.0,BTCxWGG,33,141,0,112,1515,92,0,92,11,Lobby 1,Round_1,,,,,Split_1,APAC_South
5.0,Antiaa,32,37,88,102,33,63,33,73,33,Lobby 1,Round_1,,,,,Split_1,APAC_South
6.0,SLK,31,131,11,37,33,37,1212,200,0,Lobby 1,Round_1,,,,,Split_1,APAC_South
7.0,RNG,23,73,22,73,0,102,33,29,11,Lobby 1,Round_1,,,,,Split_1,APAC_South
8.0,OGL,22,121,0,54,44,82,22,37,22,Lobby 1,Round_1,,,,,Split_1,APAC_South
9.0,DREAM,21,82,44,82,66,54,22,141,0,Lobby 1,Round_1,,,,,Split_1,APAC_South
10.0,GOD OF DREAM,20,112,55,121,0,151,0,131,0,Lobby 1,Round_1,,,,,Split_1,APAC_South
11.0,Ryz.SEA,13,151,0,131,0,73,11,45,22,Lobby 1,Round_1,,,,,Split_1,APAC_South
12.0,LightSaber,11,102,0,92,0,45,0,102,0,Lobby 1,Round_1,,,,,Split_1,APAC_South
13.0,Cookies,8,92,0,141,0,141,0,63,11,Lobby 1,Round_1,,,,,Split_1,APAC_South
14.0,never too late,8,111,0,45,0,121,0,121,0,Lobby 1,Round_1,,,,,Split_1,APAC_South
15.0,Freedom,7,54,0,111,0,131,0,111,0,Lobby 1,Round_1,,,,,Split_1,APAC_South
1.0,Multicultural,53,92,0,37,44,112,99,29,1010,Lobby 2,Round_1,,,,,Split_1,APAC_South
2.0,BOG,47,112,88,112,66,111,11,45,22,Lobby 2,Round_1,,,,,Split_1,APAC_South
3.0,SkarptSinne,33,29,33,29,66,102,0,73,11,Lobby 2,Round_1,,,,,Split_1,APAC_South
4.0,R.Harmony,31,37,77,82,22,63,22,102,66,Lobby 2,Round_1,,,,,Split_1,APAC_South
5.0,LH,27,45,55,102,0,121,11,37,66,Lobby 2,Round_1,,,,,Split_1,APAC_South
6.0,Hardstucks,27,54,33,151,0,29,66,92,22,Lobby 2,Round_1,,,,,Split_1,APAC_South
7.0,HpyRogKut,27,63,11,73,22,141,0,112,55,Lobby 2,Round_1,,,,,Split_1,APAC_South
8.0,Soosmar slayer,26,111,0,54,33,45,66,63,44,Lobby 2,Round_1,,,,,Split_1,APAC_South
9.0,Bit of Trolling,25,131,11,45,66,54,11,54,33,Lobby 2,Round_1,,,,,Split_1,APAC_South
10.0,DNT,22,102,11,92,11,37,77,82,0,Lobby 2,Round_1,,,,,Split_1,APAC_South
11.0,AU Skyrise,21,121,44,131,44,92,88,151,0,Lobby 2,Round_1,,,,,Split_1,APAC_South
12.0,LNW,14,141,33,141,0,73,22,111,33,Lobby 2,Round_1,,,,,Split_1,APAC_South
13.0,DEK,7,151,0,121,22,82,0,121,0,Lobby 2,Round_1,,,,,Split_1,APAC_South
14.0,Speed,7,82,0,63,0,151,0,131,0,Lobby 2,Round_1,,,,,Split_1,APAC_South
15.0,Lags Fault,6,73,0,111,0,131,0,141,0,Lobby 2,Round_1,,,,,Split_1,APAC_South
16.0,FlowInGame,0,200,0,200,0,200,0,200,0,Lobby 2,Round_1,,,,,Split_1,APAC_South
1.0,姐妹花,63,63,44,29,11,112,1111,112,1111,Lobby 3,Round_1,,,,,Split_1,APAC_South
2.0,Systematic,41,29,33,37,77,73,22,37,33,Lobby 3,Round_1,,,,,Split_1,APAC_South
3.0,Just Send It,40,54,55,112,55,29,11,63,11,Lobby 3,Round_1,,,,,Split_1,APAC_South
4.0,EMM,39,92,22,82,44,37,33,29,1010,Lobby 3,Round_1,,,,,Split_1,APAC_South
5.0,CKB,32,37,77,63,55,111,22,82,55,Lobby 3,Round_1,,,,,Split_1,APAC_South
6.0,Inferno DRT,32,112,55,54,66,82,0,111,22,Lobby 3,Round_1,,,,,Split_1,APAC_South
7.0,Sigma Gamers,24,121,55,131,33,54,66,73,11,Lobby 3,Round_1,,,,,Split_1,APAC_South
8.0,LAG,24,73,11,73,44,45,44,54,0,Lobby 3,Round_1,,,,,Split_1,APAC_South
9.0,EVOLUTION BLACK,17,45,55,102,22,131,0,141,11,Lobby 3,Round_1,,,,,Split_1,APAC_South
10.0,SLA,11,82,22,141,11,92,22,131,0,Lobby 3,Round_1,,,,,Split_1,APAC_South
11.0,Psychic assassin,11,151,0,45,0,63,0,121,11,Lobby 3,Round_1,,,,,Split_1,APAC_South
12.0,OC,10,141,0,111,0,121,0,45,22,Lobby 3,Round_1,,,,,Split_1,APAC_South
13.0,South Cartel,7,111,0,121,0,200,0,102,33,Lobby 3,Round_1,,,,,Split_1,APAC_South
14.0,X SPLITS,7,131,11,151,0,102,0,92,0,Lobby 3,Round_1,,,,,Split_1,APAC_South
15.0,C00kedGamingClan,6,102,0,92,0,141,0,151,0,Lobby 3,Round_1,,,,,Split_1,APAC_South
1.0,MDY.W,79,112,99,112,1111,45,1010,112,88,Lobby 4,Round_1,,,,,Split_1,APAC_South
2.0,IFPD,56,37,1515,45,55,112,99,73,0,Lobby 4,Round_1,,,,,Split_1,APAC_South
3.0,END,50,92,0,54,88,37,1111,29,99,Lobby 4,Round_1,,,,,Split_1,APAC_South
4.0,Lowkey,37,121,33,37,33,29,88,92,44,Lobby 4,Round_1,,,,,Split_1,APAC_South
5.0,Juiced,32,45,22,111,44,82,22,37,99,Lobby 4,Round_1,,,,,Split_1,APAC_South
6.0,DYN,28,29,44,63,11,73,0,54,44,Lobby 4,Round_1,,,,,Split_1,APAC_South
7.0,NANYANG,25,102,33,29,55,54,11,121,0,Lobby 4,Round_1,,,,,Split_1,APAC_South
8.0,EVO.Supreme,16,82,33,102,44,111,0,111,33,Lobby 4,Round_1,,,,,Split_1,APAC_South
9.0,4ChineseHorseman,15,73,11,82,22,102,0,63,22,Lobby 4,Round_1,,,,,Split_1,APAC_South
10.0,Ga Rok Bin,11,141,0,160,0,160,11,45,44,Lobby 4,Round_1,,,,,Split_1,APAC_South
11.0,LVTHN,11,54,0,121,11,92,22,141,0,Lobby 4,Round_1,,,,,Split_1,APAC_South
12.0,Quentiam,9,151,0,92,0,131,11,82,22,Lobby 4,Round_1,,,,,Split_1,APAC_South
13.0,Chima,9,63,11,141,0,63,0,131,0,Lobby 4,Round_1,,,,,Split_1,APAC_South
14.0,KEKW,8,131,11,73,0,121,0,102,0,Lobby 4,Round_1,,,,,Split_1,APAC_South
15.0,Wonders Esports,4,111,0,131,0,141,11,160,0,Lobby 4,Round_1,,,,,Split_1,APAC_South
16.0,NamTomGang,3,160,0,151,0,151,0,151,0,Lobby 4,Round_1,,,,,Split_1,APAC_South
1.0,LH,67,11,5,1,10,5,0,11,7,Lobby 1,Semifinals,2.0,14.0,14.0,3.0,Split_1,APAC_South
2.0,HpyRogKut,57,1,9,14,0,15,0,1,11,Lobby 1,Semifinals,17.0,0.0,3.0,4.0,Split_1,APAC_South
3.0,BOG,56,14,0,6,1,17,0,2,3,Lobby 1,Semifinals,1.0,5.0,1.0,10.0,Split_1,APAC_South
4.0,DREAM,47,2,3,20,1,11,2,4,4,Lobby 1,Semifinals,4.0,7.0,9.0,8.0,Split_1,APAC_South
5.0,MXT,46,12,3,18,0,1,16,19,1,Lobby 1,Semifinals,6.0,8.0,13.0,1.0,Split_1,APAC_South
6.0,Multicultural,41,7,3,7,0,3,4,15,0,Lobby 1,Semifinals,9.0,2.0,2.0,7.0,Split_1,APAC_South
7.0,GOB-ARH,35,16,0,10,0,2,14,17,0,Lobby 1,Semifinals,12.0,8.0,11.0,0.0,Split_1,APAC_South
8.0,OGL,34,6,2,3,2,6,2,3,4,Lobby 1,Semifinals,7.0,0.0,12.0,0.0,Split_1,APAC_South
9.0,Antiaa,33,4,4,12,4,8,2,8,0,Lobby 1,Semifinals,16.0,3.0,6.0,7.0,Split_1,APAC_South
10.0,DESI,32,13,5,9,6,7,6,14,0,Lobby 1,Semifinals,15.0,0.0,4.0,2.0,Split_1,APAC_South
11.0,BTCxWGG,29,9,1,4,10,10,2,10,2,Lobby 1,Semifinals,20.0,0.0,8.0,1.0,Split_1,APAC_South
12.0,R.Harmony,27,15,0,15,0,13,1,6,5,Lobby 1,Semifinals,3.0,4.0,7.0,1.0,Split_1,APAC_South
13.0,SLK,25,18,0,8,11,20,0,16,1,Lobby 1,Semifinals,19.0,0.0,10.0,9.0,Split_1,APAC_South
14.0,DNT,24,17,3,2,4,16,1,20,0,Lobby 1,Semifinals,10.0,1.0,15.0,3.0,Split_1,APAC_South
15.0,RNG,23,19,0,17,2,18,2,7,7,Lobby 1,Semifinals,14.0,0.0,5.0,4.0,Split_1,APAC_South
16.0,SkarptSinne,21,3,2,5,2,19,0,9,3,Lobby 1,Semifinals,11.0,0.0,16.0,0.0,Split_1,APAC_South
17.0,Bit of Trolling,20,5,2,16,0,4,4,13,0,Lobby 1,Semifinals,13.0,3.0,17.0,0.0,Split_1,APAC_South
18.0,Soosmar slayer,20,8,6,13,0,9,0,5,1,Lobby 1,Semifinals,8.0,2.0,18.0,0.0,Split_1,APAC_South
19.0,Hardstucks,14,10,6,11,0,12,0,12,3,Lobby 1,Semifinals,18.0,0.0,20.0,0.0,Split_1,APAC_South
20.0,GOD OF DREAM,8,20,0,19,0,14,0,18,1,Lobby 1,Semifinals,5.0,2.0,19.0,0.0,Split_1,APAC_South
1.0,MDY.W,107,1,16,1,22,7,7,13,12,Lobby 2,Semifinals,7.0,4.0,4.0,10.0,Split_1,APAC_South
2.0,姐妹花,67,5,0,6,1,10,7,1,6,Lobby 2,Semifinals,1.0,18.0,15.0,1.0,Split_1,APAC_South
3.0,IFPD,60,14,3,14,7,1,11,3,8,Lobby 2,Semifinals,8.0,8.0,16.0,0.0,Split_1,APAC_South
4.0,Just Send It,45,9,0,3,6,3,4,12,0,Lobby 2,Semifinals,3.0,0.0,2.0,2.0,Split_1,APAC_South
5.0,NANYANG,42,6,4,4,3,11,0,9,2,Lobby 2,Semifinals,9.0,6.0,3.0,7.0,Split_1,APAC_South
6.0,EVO.Supreme,41,7,3,7,5,18,3,5,8,Lobby 2,Semifinals,2.0,0.0,14.0,2.0,Split_1,APAC_South
7.0,EMM,40,2,8,15,0,6,7,15,0,Lobby 2,Semifinals,14.0,1.0,6.0,6.0,Split_1,APAC_South
8.0,Sigma Gamers,33,4,2,2,9,16,1,14,0,Lobby 2,Semifinals,13.0,3.0,9.0,0.0,Split_1,APAC_South
9.0,Lowkey,33,3,5,18,0,15,0,11,0,Lobby 2,Semifinals,17.0,0.0,1.0,7.0,Split_1,APAC_South
10.0,CKB,28,17,0,10,2,8,5,4,7,Lobby 2,Semifinals,10.0,2.0,12.0,0.0,Split_1,APAC_South
11.0,Systematic,28,10,0,9,0,14,0,2,2,Lobby 2,Semifinals,4.0,5.0,8.0,0.0,Split_1,APAC_South
12.0,END,27,8,7,5,0,13,0,8,2,Lobby 2,Semifinals,16.0,0.0,11.0,8.0,Split_1,APAC_South
13.0,Inferno DRT,23,12,1,16,1,2,4,19,1,Lobby 2,Semifinals,11.0,0.0,10.0,3.0,Split_1,APAC_South
14.0,4ChineseHorseman,21,15,4,8,0,19,0,16,0,Lobby 2,Semifinals,6.0,1.0,5.0,6.0,Split_1,APAC_South
15.0,LAG,21,13,2,13,0,5,0,6,2,Lobby 2,Semifinals,5.0,3.0,13.0,0.0,Split_1,APAC_South
16.0,Juiced,14,19,0,19,0,20,0,10,6,Lobby 2,Semifinals,15.0,3.0,18.0,2.0,Split_1,APAC_South
17.0,EVOLUTION BLACK,14,11,2,11,0,9,4,7,1,Lobby 2,Semifinals,19.0,0.0,17.0,0.0,Split_1,APAC_South
18.0,Ga Rok Bin,11,20,0,20,0,12,1,18,0,Lobby 2,Semifinals,12.0,2.0,7.0,3.0,Split_1,APAC_South
19.0,DYN,10,16,2,12,3,17,3,20,0,Lobby 2,Semifinals,20.0,0.0,19.0,1.0,Split_1,APAC_South
20.0,Psychic assassin,5,18,0,17,0,4,0,17,0,Lobby 2,Semifinals,18.0,0.0,20.0,0.0,Split_1,APAC_South
1.0,MDY.W,82,6,4,15,7,7,2,13,3,Lobby 1,Finals,1.0,16.0,1.0,18.0,Split_1,APAC_South
2.0,EMM,75,2,15,8,5,2,15,12,3,Lobby 1,Finals,13.0,1.0,3.0,7.0,Split_1,APAC_South
3.0,IFPD,55,1,11,2,12,18,0,17,2,Lobby 1,Finals,6.0,0.0,4.0,1.0,Split_1,APAC_South
4.0,姐妹花,53,5,3,14,2,10,6,1,16,Lobby 1,Finals,8.0,0.0,10.0,3.0,Split_1,APAC_South
5.0,Lowkey,51,8,2,5,3,6,6,6,9,Lobby 1,Finals,2.0,9.0,12.0,0.0,Split_1,APAC_South
6.0,EVO.Supreme,42,17,0,1,11,8,0,4,1,Lobby 1,Finals,12.0,2.0,8.0,6.0,Split_1,APAC_South
7.0,LH,39,4,2,4,6,12,1,10,6,Lobby 1,Finals,10.0,4.0,11.0,4.0,Split_1,APAC_South
8.0,Antiaa,35,9,3,10,3,11,1,14,4,Lobby 1,Finals,3.0,6.0,9.0,3.0,Split_1,APAC_South
9.0,OGL,35,15,0,9,0,19,0,2,1,Lobby 1,Finals,4.0,2.0,2.0,6.0,Split_1,APAC_South
10.0,BOG,31,16,3,7,1,1,3,5,0,Lobby 1,Finals,11.0,3.0,13.0,0.0,Split_1,APAC_South
11.0,HpyRogKut,30,14,0,6,3,4,2,3,3,Lobby 1,Finals,18.0,3.0,15.0,2.0,Split_1,APAC_South
12.0,Multicultural,25,10,5,3,3,5,2,15,0,Lobby 1,Finals,14.0,0.0,18.0,0.0,Split_1,APAC_South
13.0,CKB,22,3,2,11,1,16,0,9,3,Lobby 1,Finals,16.0,0.0,5.0,2.0,Split_1,APAC_South
14.0,DESI,18,12,0,12,0,3,0,11,0,Lobby 1,Finals,9.0,1.0,6.0,2.0,Split_1,APAC_South
15.0,GOB-ARH,17,11,0,18,0,14,7,7,5,Lobby 1,Finals,17.0,0.0,16.0,0.0,Split_1,APAC_South
16.0,DREAM,17,13,1,16,0,15,3,19,0,Lobby 1,Finals,5.0,6.0,14.0,0.0,Split_1,APAC_South
17.0,NANYANG,14,19,0,13,1,9,2,18,0,Lobby 1,Finals,7.0,2.0,7.0,0.0,Split_1,APAC_South
18.0,Just Send It,13,7,6,17,0,13,0,16,2,Lobby 1,Finals,15.0,0.0,17.0,0.0,Split_1,APAC_South
19.0,Sigma Gamers,2,18,0,19,0,17,0,8,0,Lobby 1,Finals,19.0,0.0,19.0,0.0,Split_1,APAC_South
20.0,MXT,0,20,0,20,0,20,0,20,0,Lobby 1,Finals,20.0,0.0,20.0,0.0,Split_1,APAC_South
1.0,GOB-ARH,66,112,1515,29,1212,54,66,82,66,Lobby 1,Round_1,,,,,Split_1,APAC_South
2.0,EMM,50,131,22,92,77,63,77,112,1616,Lobby 1,Round_1,,,,,Split_1,APAC_South
3.0,CKB,44,29,33,112,1212,92,22,131,33,Lobby 1,Round_1,,,,,Split_1,APAC_South
4.0,DESI,38,54,55,45,55,37,11,37,44,Lobby 1,Round_1,,,,,Split_1,APAC_South
5.0,DNT,33,141,0,54,0,112,99,45,22,Lobby 1,Round_1,,,,,Split_1,APAC_South
6.0,Just Send It,33,92,44,37,11,45,33,29,22,Lobby 1,Round_1,,,,,Split_1,APAC_South
7.0,姐妹花,23,37,88,102,33,102,0,111,0,Lobby 1,Round_1,,,,,Split_1,APAC_South
8.0,Systematic,20,63,11,73,0,29,22,92,0,Lobby 1,Round_1,,,,,Split_1,APAC_South
9.0,The Legend Pride,14,45,0,82,0,111,0,73,33,Lobby 1,Round_1,,,,,Split_1,APAC_South
10.0,Bit of Trolling,12,102,0,151,0,73,22,63,11,Lobby 1,Round_1,,,,,Split_1,APAC_South
11.0,RNG,10,111,0,131,0,121,22,102,33,Lobby 1,Round_1,,,,,Split_1,APAC_South
12.0,SkarptSinne,10,151,0,141,0,82,22,121,33,Lobby 1,Round_1,,,,,Split_1,APAC_South
13.0,Monkey Predator,9,73,0,121,0,131,33,151,0,Lobby 1,Round_1,,,,,Split_1,APAC_South
14.0,BTCxWGG,8,82,0,63,11,141,0,141,0,Lobby 1,Round_1,,,,,Split_1,APAC_South
15.0,Kardinals,7,121,0,111,0,151,0,54,0,Lobby 1,Round_1,,,,,Split_1,APAC_South
1.0,END,57,37,77,29,1111,131,33,29,1010,Lobby 2,Round_1,,,,,Split_1,APAC_South
2.0,IFPD,48,112,1010,63,22,111,0,112,88,Lobby 2,Round_1,,,,,Split_1,APAC_South
3.0,MDY.W,42,73,44,45,66,112,66,92,44,Lobby 2,Round_1,,,,,Split_1,APAC_South
4.0,DVG,30,63,33,112,88,200,0,121,33,Lobby 2,Round_1,,,,,Split_1,APAC_South
5.0,MXT,29,82,0,92,0,29,99,45,22,Lobby 2,Round_1,,,,,Split_1,APAC_South
6.0,LVTHN,27,111,0,141,11,37,33,37,77,Lobby 2,Round_1,,,,,Split_1,APAC_South
7.0,Ryz.SEA,24,102,33,131,44,54,55,63,22,Lobby 2,Round_1,,,,,Split_1,APAC_South
8.0,No Mental,23,54,44,82,0,121,11,54,77,Lobby 2,Round_1,,,,,Split_1,APAC_South
9.0,Juiced,23,141,0,37,44,45,55,111,0,Lobby 2,Round_1,,,,,Split_1,APAC_South
10.0,OC,18,131,22,102,66,141,22,102,22,Lobby 2,Round_1,,,,,Split_1,APAC_South
11.0,Soosmar slayer,18,45,55,121,11,73,33,160,0,Lobby 2,Round_1,,,,,Split_1,APAC_South
12.0,Andong Society,18,92,22,73,0,63,44,73,11,Lobby 2,Round_1,,,,,Split_1,APAC_South
13.0,BABYRANK,14,29,22,200,0,102,0,131,0,Lobby 2,Round_1,,,,,Split_1,APAC_South
14.0,Musicz,9,121,0,54,0,92,11,151,0,Lobby 2,Round_1,,,,,Split_1,APAC_South
15.0,Lags Fault,6,151,0,111,0,82,0,82,0,Lobby 2,Round_1,,,,,Split_1,APAC_South
16.0,LightSaber,3,160,0,151,0,151,0,141,0,Lobby 2,Round_1,,,,,Split_1,APAC_South
1.0,Antiaa,68,63,44,37,77,112,1010,112,1313,Lobby 3,Round_1,,,,,Split_1,APAC_South
2.0,HpyRogKut,40,29,33,112,1010,82,33,121,0,Lobby 3,Round_1,,,,,Split_1,APAC_South
3.0,LH,39,112,1010,131,11,29,22,54,0,Lobby 3,Round_1,,,,,Split_1,APAC_South
4.0,DYN,35,45,55,63,11,73,66,73,99,Lobby 3,Round_1,,,,,Split_1,APAC_South
5.0,Inferno DRT,33,37,33,29,33,92,22,45,22,Lobby 3,Round_1,,,,,Split_1,APAC_South
6.0,Multicultural,30,73,88,73,0,102,33,92,99,Lobby 3,Round_1,,,,,Split_1,APAC_South
7.0,Sigma Gamers,28,131,0,54,1313,111,22,63,44,Lobby 3,Round_1,,,,,Split_1,APAC_South
8.0,GOD OF DREAM,17,82,0,151,0,37,44,111,22,Lobby 3,Round_1,,,,,Split_1,APAC_South
9.0,Chima,17,54,0,92,11,45,33,102,0,Lobby 3,Round_1,,,,,Split_1,APAC_South
10.0,LAG,17,92,0,45,0,121,0,29,0,Lobby 3,Round_1,,,,,Split_1,APAC_South
11.0,Sayu Supermacy,15,121,0,82,22,63,0,37,0,Lobby 3,Round_1,,,,,Split_1,APAC_South
12.0,Informal Squad,9,111,0,141,0,54,11,82,0,Lobby 3,Round_1,,,,,Split_1,APAC_South
13.0,eSports Academy,7,141,0,102,0,141,0,141,22,Lobby 3,Round_1,,,,,Split_1,APAC_South
14.0,B.Headed,5,102,0,111,0,131,0,131,0,Lobby 3,Round_1,,,,,Split_1,APAC_South
15.0,Wingbow,3,200,0,121,0,151,0,151,0,Lobby 3,Round_1,,,,,Split_1,APAC_South
16.0,Phantom Trigger,0,200,0,200,0,200,0,200,0,Lobby 3,Round_1,,,,,Split_1,APAC_South
1.0,DREAM,76,112,1414,29,77,112,77,29,66,Lobby 4,Round_1,,,,,Split_1,APAC_South
2.0,BOG,48,92,66,112,88,121,0,112,77,Lobby 4,Round_1,,,,,Split_1,APAC_South
3.0,Job Seekers,41,45,44,63,66,54,88,54,77,Lobby 4,Round_1,,,,,Split_1,APAC_South
4.0,OGL,37,102,11,37,22,37,66,37,55,Lobby 4,Round_1,,,,,Split_1,APAC_South
5.0,Lowkey,26,54,33,102,33,45,55,111,33,Lobby 4,Round_1,,,,,Split_1,APAC_South
6.0,Quentiam,25,82,44,82,33,160,22,45,77,Lobby 4,Round_1,,,,,Split_1,APAC_South
7.0,X SPLITS,25,29,44,54,11,141,22,73,11,Lobby 4,Round_1,,,,,Split_1,APAC_South
8.0,EVO.Supreme,20,160,0,92,33,29,66,160,0,Lobby 4,Round_1,,,,,Split_1,APAC_South
9.0,SLA,19,37,33,151,0,73,0,63,22,Lobby 4,Round_1,,,,,Split_1,APAC_South
10.0,Miss Click,15,141,33,45,44,151,0,151,0,Lobby 4,Round_1,,,,,Split_1,APAC_South
11.0,AU Skyrise,14,121,0,73,44,111,0,82,33,Lobby 4,Round_1,,,,,Split_1,APAC_South
12.0,HWG,12,151,0,121,11,131,66,131,11,Lobby 4,Round_1,,,,,Split_1,APAC_South
13.0,LNW,12,73,22,111,0,82,11,102,11,Lobby 4,Round_1,,,,,Split_1,APAC_South
14.0,FamBam Guild,9,63,0,131,0,102,0,92,11,Lobby 4,Round_1,,,,,Split_1,APAC_South
15.0,Gremory,8,131,0,141,0,63,22,141,0,Lobby 4,Round_1,,,,,Split_1,APAC_South
16.0,Freedom,6,111,11,160,0,92,0,121,11,Lobby 4,Round_1,,,,,Split_1,APAC_South
1.0,MDY.W,125,4,4,1,12,1,9,1,15,Lobby 1,Semifinals,1.0,16.0,2.0,7.0,Split_1,APAC_South
2.0,IFPD,81,2,10,4,7,3,15,14,2,Lobby 1,Semifinals,4.0,8.0,4.0,7.0,Split_1,APAC_South
3.0,EMM,57,1,15,2,15,19,0,20,0,Lobby 1,Semifinals,19.0,2.0,11.0,3.0,Split_1,APAC_South
4.0,姐妹花,54,6,1,7,2,14,0,9,6,Lobby 1,Semifinals,2.0,6.0,1.0,9.0,Split_1,APAC_South
5.0,END,43,3,12,16,0,12,2,2,5,Lobby 1,Semifinals,9.0,2.0,18.0,3.0,Split_1,APAC_South
6.0,Systematic,36,12,3,3,4,11,1,5,4,Lobby 1,Semifinals,6.0,6.0,9.0,0.0,Split_1,APAC_South
7.0,Ryz.SEA,34,15,2,10,4,16,0,3,3,Lobby 1,Semifinals,7.0,3.0,6.0,6.0,Split_1,APAC_South
8.0,Just Send It,32,16,3,6,3,5,5,7,0,Lobby 1,Semifinals,5.0,2.0,5.0,1.0,Split_1,APAC_South
9.0,MXT,29,20,0,12,0,9,14,13,6,Lobby 1,Semifinals,20.0,0.0,10.0,3.0,Split_1,APAC_South
10.0,CKB,26,9,3,19,0,10,0,6,5,Lobby 1,Semifinals,3.0,4.0,20.0,0.0,Split_1,APAC_South
11.0,GOB-ARH,23,11,0,14,3,17,0,18,0,Lobby 1,Semifinals,11.0,0.0,3.0,10.0,Split_1,APAC_South
12.0,DNT,21,7,0,20,0,6,2,10,1,Lobby 1,Semifinals,8.0,6.0,15.0,1.0,Split_1,APAC_South
13.0,No Mental,20,5,0,8,0,2,1,15,0,Lobby 1,Semifinals,10.0,1.0,17.0,0.0,Split_1,APAC_South
14.0,DESI,19,8,0,5,5,8,2,17,0,Lobby 1,Semifinals,17.0,1.0,14.0,2.0,Split_1,APAC_South
15.0,Bit of Trolling,19,18,0,9,1,4,1,8,3,Lobby 1,Semifinals,13.0,0.0,7.0,1.0,Split_1,APAC_South
16.0,DVG,18,17,0,11,0,7,3,4,4,Lobby 1,Semifinals,15.0,0.0,12.0,0.0,Split_1,APAC_South
17.0,Soosmar slayer,13,14,3,17,0,20,0,11,1,Lobby 1,Semifinals,12.0,0.0,13.0,5.0,Split_1,APAC_South
18.0,Juiced,7,13,0,15,1,15,0,12,1,Lobby 1,Semifinals,16.0,1.0,16.0,0.0,Split_1,APAC_South
19.0,LVTHN,6,10,0,18,0,13,0,16,0,Lobby 1,Semifinals,14.0,0.0,8.0,0.0,Split_1,APAC_South
20.0,The Legend Pride,2,19,0,13,1,18,0,19,0,Lobby 1,Semifinals,18.0,0.0,19.0,0.0,Split_1,APAC_South
1.0,Antiaa,85,4,6,4,10,4,12,4,7,Lobby 2,Semifinals,1.0,13.0,9.0,3.0,Split_1,APAC_South
2.0,Job Seekers,69,2,5,1,7,5,7,3,5,Lobby 2,Semifinals,12.0,6.0,11.0,5.0,Split_1,APAC_South
3.0,LH,58,9,5,3,12,9,8,15,1,Lobby 2,Semifinals,10.0,3.0,2.0,6.0,Split_1,APAC_South
4.0,HpyRogKut,58,1,8,20,0,3,5,16,0,Lobby 2,Semifinals,13.0,1.0,1.0,12.0,Split_1,APAC_South
5.0,Lowkey,57,3,7,2,6,12,0,9,3,Lobby 2,Semifinals,2.0,5.0,8.0,6.0,Split_1,APAC_South
6.0,BOG,56,5,8,8,4,2,5,2,11,Lobby 2,Semifinals,17.0,0.0,7.0,1.0,Split_1,APAC_South
7.0,DYN,45,12,3,10,4,1,9,13,0,Lobby 2,Semifinals,4.0,3.0,6.0,2.0,Split_1,APAC_South
8.0,DREAM,42,8,1,7,5,14,1,1,13,Lobby 2,Semifinals,18.0,0.0,5.0,0.0,Split_1,APAC_South
9.0,OGL,34,7,0,17,0,7,2,5,6,Lobby 2,Semifinals,14.0,1.0,3.0,7.0,Split_1,APAC_South
10.0,Inferno DRT,30,15,3,11,0,20,0,10,3,Lobby 2,Semifinals,3.0,7.0,4.0,1.0,Split_1,APAC_South
11.0,Multicultural,26,6,2,9,1,8,3,8,3,Lobby 2,Semifinals,6.0,1.0,13.0,3.0,Split_1,APAC_South
12.0,EVO.Supreme,22,14,0,6,2,19,0,7,0,Lobby 2,Semifinals,5.0,8.0,14.0,0.0,Split_1,APAC_South
13.0,SLA,12,18,1,13,2,17,3,11,0,Lobby 2,Semifinals,8.0,1.0,12.0,0.0,Split_1,APAC_South
14.0,Sigma Gamers,11,10,0,5,1,18,1,18,1,Lobby 2,Semifinals,11.0,0.0,16.0,1.0,Split_1,APAC_South
15.0,Miss Click,11,20,0,18,0,13,0,6,2,Lobby 2,Semifinals,9.0,1.0,10.0,0.0,Split_1,APAC_South
16.0,LAG,10,13,0,19,0,10,1,19,1,Lobby 2,Semifinals,7.0,1.0,15.0,0.0,Split_1,APAC_South
17.0,Quentiam,9,19,2,12,2,16,2,12,1,Lobby 2,Semifinals,16.0,0.0,18.0,0.0,Split_1,APAC_South
18.0,GOD OF DREAM,6,16,1,16,0,6,0,14,0,Lobby 2,Semifinals,15.0,0.0,17.0,0.0,Split_1,APAC_South
19.0,X SPLITS,3,11,0,14,0,11,0,17,0,Lobby 2,Semifinals,20.0,0.0,20.0,0.0,Split_1,APAC_South
20.0,Chima,2,17,0,15,0,15,0,20,0,Lobby 2,Semifinals,20.0,0.0,20.0,0.0,Split_1,APAC_South
1.0,Antiaa,95,3,10,3,13,11,2,1,10,Lobby 1,Finals,2.0,5.0,1.0,7.0,Split_1,APAC_South
2.0,MDY.W,84,8,11,1,13,19,0,4,6,Lobby 1,Finals,1.0,18.0,8.0,3.0,Split_1,APAC_South
3.0,CKB,55,7,2,16,0,3,5,2,5,Lobby 1,Finals,4.0,6.0,2.0,4.0,Split_1,APAC_South
4.0,EMM,50,17,4,9,9,1,19,19,0,Lobby 1,Finals,20.0,0.0,11.0,3.0,Split_1,APAC_South
5.0,LH,44,9,1,10,0,8,3,3,7,Lobby 1,Finals,8.0,6.0,5.0,8.0,Split_1,APAC_South
6.0,IFPD,43,18,1,14,5,2,8,10,6,Lobby 1,Finals,12.0,4.0,7.0,3.0,Split_1,APAC_South
7.0,HpyRogKut,38,5,3,4,0,7,3,5,2,Lobby 1,Finals,3.0,2.0,10.0,3.0,Split_1,APAC_South
8.0,DREAM,36,1,12,8,1,5,4,16,1,Lobby 1,Finals,16.0,0.0,20.0,0.0,Split_1,APAC_South
9.0,姐妹花,33,4,6,11,4,14,0,17,1,Lobby 1,Finals,6.0,3.0,6.0,6.0,Split_1,APAC_South
10.0,Job Seekers,27,13,1,7,2,9,0,11,0,Lobby 1,Finals,5.0,3.0,4.0,5.0,Split_1,APAC_South
11.0,OGL,25,12,0,20,0,4,1,7,2,Lobby 1,Finals,18.0,1.0,3.0,5.0,Split_1,APAC_South
12.0,Just Send It,23,11,3,5,4,16,1,13,2,Lobby 1,Finals,7.0,3.0,12.0,0.0,Split_1,APAC_South
13.0,MXT,22,6,0,19,0,20,0,9,6,Lobby 1,Finals,15.0,4.0,14.0,5.0,Split_1,APAC_South
14.0,Systematic,22,16,2,2,2,10,2,12,0,Lobby 1,Finals,14.0,0.0,13.0,2.0,Split_1,APAC_South
15.0,DYN,22,2,4,6,0,18,0,14,0,Lobby 1,Finals,10.0,1.0,9.0,0.0,Split_1,APAC_South
16.0,Ryz.SEA,18,14,3,15,0,15,0,6,7,Lobby 1,Finals,9.0,0.0,16.0,0.0,Split_1,APAC_South
17.0,Lowkey,11,19,0,12,0,12,1,8,2,Lobby 1,Finals,13.0,1.0,17.0,2.0,Split_1,APAC_South
18.0,END,11,10,0,13,2,13,3,15,0,Lobby 1,Finals,17.0,0.0,15.0,0.0,Split_1,APAC_South
19.0,BOG,10,20,1,18,0,6,5,18,0,Lobby 1,Finals,11.0,0.0,19.0,0.0,Split_1,APAC_South
20.0,Inferno DRT,4,15,1,17,0,17,0,20,0,Lobby 1,Finals,19.0,2.0,18.0,0.0,Split_1,APAC_South
1.0,DNZY,59,9,6,15,0,2,14,1,15,Lobby 1,Quarterfinals,,,,,Split_2,APAC_South
2.0,JKs,52,5,4,2,13,3,8,12,6,Lobby 1,Quarterfinals,,,,,Split_2,APAC_South
3.0,AmK,41,7,3,4,4,1,10,13,3,Lobby 1,Quarterfinals,,,,,Split_2,APAC_South
4.0,Soosmar slayer,39,3,3,8,9,17,0,2,9,Lobby 1,Quarterfinals,,,,,Split_2,APAC_South
5.0,WARTX,38,2,2,1,7,5,1,6,0,Lobby 1,Quarterfinals,,,,,Split_2,APAC_South
6.0,BLANK,29,1,11,17,0,6,3,16,0,Lobby 1,Quarterfinals,,,,,Split_2,APAC_South
7.0,HAN,28,16,0,3,7,4,7,15,1,Lobby 1,Quarterfinals,,,,,Split_2,APAC_South
8.0,LIGJR,24,6,7,14,3,8,3,4,0,Lobby 1,Quarterfinals,,,,,Split_2,APAC_South
9.0,END,23,8,0,5,3,19,0,3,7,Lobby 1,Quarterfinals,,,,,Split_2,APAC_South
10.0,HypC,14,11,2,13,0,15,3,8,4,Lobby 1,Quarterfinals,,,,,Split_2,APAC_South
11.0,GOD OF DREAM,14,4,5,6,1,16,0,17,0,Lobby 1,Quarterfinals,,,,,Split_2,APAC_South
12.0,Deng,13,13,0,7,0,11,0,5,4,Lobby 1,Quarterfinals,,,,,Split_2,APAC_South
13.0,HEIR,11,10,1,10,2,14,0,14,2,Lobby 1,Quarterfinals,,,,,Split_2,APAC_South
14.0,SLA,9,15,0,9,1,7,0,9,0,Lobby 1,Quarterfinals,,,,,Split_2,APAC_South
15.0,Quentiam,8,19,0,18,0,12,4,7,0,Lobby 1,Quarterfinals,,,,,Split_2,APAC_South
16.0,MASQ,6,17,4,16,0,18,0,10,0,Lobby 1,Quarterfinals,,,,,Split_2,APAC_South
17.0,INEL,4,12,0,12,0,13,0,18,1,Lobby 1,Quarterfinals,,,,,Split_2,APAC_South
18.0,jpeg,4,18,0,11,1,9,0,19,0,Lobby 1,Quarterfinals,,,,,Split_2,APAC_South
19.0,REIGN,4,14,0,19,0,10,0,11,0,Lobby 1,Quarterfinals,,,,,Split_2,APAC_South
1.0,CR4KD,53,15,3,1,10,1,10,9,3,Lobby 2,Quarterfinals,,,,,Split_2,APAC_South
2.0,CHILL,51,12,0,4,6,5,6,1,17,Lobby 2,Quarterfinals,,,,,Split_2,APAC_South
3.0,SXT,42,5,5,2,9,9,2,4,6,Lobby 2,Quarterfinals,,,,,Split_2,APAC_South
4.0,DRG,40,4,4,5,0,4,6,2,7,Lobby 2,Quarterfinals,,,,,Split_2,APAC_South
5.0,ASC,39,6,8,15,2,2,10,7,3,Lobby 2,Quarterfinals,,,,,Split_2,APAC_South
6.0,MXT,35,16,1,7,14,14,4,3,5,Lobby 2,Quarterfinals,,,,,Split_2,APAC_South
7.0,Lowkey,32,1,11,6,6,16,0,18,0,Lobby 2,Quarterfinals,,,,,Split_2,APAC_South
8.0,NoC,22,2,4,9,0,7,0,11,3,Lobby 2,Quarterfinals,,,,,Split_2,APAC_South
9.0,EMDA,21,3,3,8,2,6,3,12,0,Lobby 2,Quarterfinals,,,,,Split_2,APAC_South
10.0,COHA,17,9,2,16,0,3,4,13,1,Lobby 2,Quarterfinals,,,,,Split_2,APAC_South
11.0,SOT,14,8,0,11,0,8,5,6,1,Lobby 2,Quarterfinals,,,,,Split_2,APAC_South
12.0,Baj,13,7,3,10,1,18,0,5,0,Lobby 2,Quarterfinals,,,,,Split_2,APAC_South
13.0,MPEX,13,10,2,3,1,15,0,16,0,Lobby 2,Quarterfinals,,,,,Split_2,APAC_South
14.0,MAF,9,18,0,12,0,12,2,8,3,Lobby 2,Quarterfinals,,,,,Split_2,APAC_South
15.0,tasi,6,17,0,13,0,13,0,10,2,Lobby 2,Quarterfinals,,,,,Split_2,APAC_South
16.0,Unknown,5,13,3,17,0,17,0,14,0,Lobby 2,Quarterfinals,,,,,Split_2,APAC_South
17.0,VRG,5,14,1,18,0,10,0,15,0,Lobby 2,Quarterfinals,,,,,Split_2,APAC_South
18.0,Kardinals,4,11,0,14,0,11,1,17,0,Lobby 2,Quarterfinals,,,,,Split_2,APAC_South
1.0,AVG,69,10,3,1,19,1,14,12,6,Lobby 3,Quarterfinals,,,,,Split_2,APAC_South
2.0,AIC WIBU,63,1,17,3,8,2,5,11,4,Lobby 3,Quarterfinals,,,,,Split_2,APAC_South
3.0,MWB,43,3,7,2,4,8,4,4,5,Lobby 3,Quarterfinals,,,,,Split_2,APAC_South
4.0,okok,38,2,7,7,0,7,2,2,5,Lobby 3,Quarterfinals,,,,,Split_2,APAC_South
5.0,HAKA,33,16,0,6,5,16,0,1,13,Lobby 3,Quarterfinals,,,,,Split_2,APAC_South
6.0,Sanity,29,4,1,5,3,6,4,3,2,Lobby 3,Quarterfinals,,,,,Split_2,APAC_South
7.0,OGL,28,7,1,9,3,5,9,7,3,Lobby 3,Quarterfinals,,,,,Split_2,APAC_South
8.0,INX,23,5,4,16,3,3,3,9,0,Lobby 3,Quarterfinals,,,,,Split_2,APAC_South
9.0,NOPLAY2,19,13,3,8,5,4,1,10,0,Lobby 3,Quarterfinals,,,,,Split_2,APAC_South
10.0,iON,17,9,0,4,0,14,2,6,4,Lobby 3,Quarterfinals,,,,,Split_2,APAC_South
11.0,Systematic,14,8,4,17,0,15,2,8,3,Lobby 3,Quarterfinals,,,,,Split_2,APAC_South
12.0,BIGG,11,17,0,12,0,11,2,5,3,Lobby 3,Quarterfinals,,,,,Split_2,APAC_South
13.0,MEIDO,10,6,1,10,1,10,0,17,1,Lobby 3,Quarterfinals,,,,,Split_2,APAC_South
14.0,Prey,6,14,0,13,0,18,0,12,3,Lobby 3,Quarterfinals,,,,,Split_2,APAC_South
15.0,heLL,4,18,0,11,0,13,0,14,1,Lobby 3,Quarterfinals,,,,,Split_2,APAC_South
16.0,LVTHN,4,12,0,15,1,12,0,16,0,Lobby 3,Quarterfinals,,,,,Split_2,APAC_South
17.0,KINDOG,3,15,0,18,0,9,0,18,0,Lobby 3,Quarterfinals,,,,,Split_2,APAC_South
18.0,S2N,3,11,0,14,0,17,0,15,0,Lobby 3,Quarterfinals,,,,,Split_2,APAC_South
1.0,姐妹花,74,5,12,4,5,1,13,1,11,Lobby 4,Quarterfinals,,,,,Split_2,APAC_South
2.0,END2,55,6,4,1,12,8,19,16,3,Lobby 4,Quarterfinals,,,,,Split_2,APAC_South
3.0,September,45,1,7,12,2,13,0,2,13,Lobby 4,Quarterfinals,,,,,Split_2,APAC_South
4.0,JET,29,2,4,16,4,12,3,9,6,Lobby 4,Quarterfinals,,,,,Split_2,APAC_South
5.0,iONR,29,3,7,6,5,10,0,14,4,Lobby 4,Quarterfinals,,,,,Split_2,APAC_South
6.0,Horizon,24,12,3,17,0,7,4,3,6,Lobby 4,Quarterfinals,,,,,Split_2,APAC_South
7.0,Incarnate,24,4,2,8,1,3,5,12,1,Lobby 4,Quarterfinals,,,,,Split_2,APAC_South
8.0,Chonky Bees,22,13,0,2,7,11,0,5,0,Lobby 4,Quarterfinals,,,,,Split_2,APAC_South
9.0,Phantom,21,9,2,3,2,4,0,7,0,Lobby 4,Quarterfinals,,,,,Split_2,APAC_South
10.0,ZeroTwo,18,17,3,11,4,18,0,4,5,Lobby 4,Quarterfinals,,,,,Split_2,APAC_South
11.0,Team Sidai,13,10,1,10,1,5,1,8,0,Lobby 4,Quarterfinals,,,,,Split_2,APAC_South
12.0,dycalz,13,16,0,13,0,2,2,13,0,Lobby 4,Quarterfinals,,,,,Split_2,APAC_South
13.0,gib reps,12,14,0,7,4,9,1,15,0,Lobby 4,Quarterfinals,,,,,Split_2,APAC_South
14.0,Behr,11,7,0,14,3,6,1,18,0,Lobby 4,Quarterfinals,,,,,Split_2,APAC_South
15.0,Monkey Predator,7,8,1,15,0,16,0,6,0,Lobby 4,Quarterfinals,,,,,Split_2,APAC_South
16.0,oWLbEAR,6,18,0,5,0,17,0,10,0,Lobby 4,Quarterfinals,,,,,Split_2,APAC_South
17.0,Speed,4,15,0,9,0,15,0,17,0,Lobby 4,Quarterfinals,,,,,Split_2,APAC_South
18.0,WEEEEEJ,3,11,0,18,0,14,0,11,0,Lobby 4,Quarterfinals,,,,,Split_2,APAC_South
1.0,DNZY,108,1,10,9,9,9,5,5,10,Lobby 1,Semifinals,2.0,18.0,1.0,15.0,Split_2,APAC_South
2.0,JKs,90,8,4,1,11,7,6,3,11,Lobby 1,Semifinals,1.0,13.0,4.0,4.0,Split_2,APAC_South
3.0,MXT,53,18,6,10,7,15,4,14,5,Lobby 1,Semifinals,3.0,9.0,6.0,8.0,Split_2,APAC_South
4.0,CR4KD,43,11,2,13,0,1,7,2,5,Lobby 1,Semifinals,19.0,0.0,8.0,4.0,Split_2,APAC_South
5.0,CHILL,40,4,12,16,3,4,4,16,0,Lobby 1,Semifinals,11.0,2.0,7.0,5.0,Split_2,APAC_South
6.0,WARTX,40,9,4,7,1,5,0,1,11,Lobby 1,Semifinals,13.0,1.0,11.0,0.0,Split_2,APAC_South
7.0,DRG,40,16,2,2,3,8,0,8,4,Lobby 1,Semifinals,10.0,4.0,2.0,3.0,Split_2,APAC_South
8.0,Lowkey,36,2,11,19,0,19,0,7,3,Lobby 1,Semifinals,5.0,6.0,19.0,0.0,Split_2,APAC_South
9.0,AmK,31,20,0,4,4,2,4,9,1,Lobby 1,Semifinals,6.0,2.0,12.0,0.0,Split_2,APAC_South
10.0,SXT,26,3,2,15,0,13,1,19,3,Lobby 1,Semifinals,20.0,0.0,3.0,4.0,Split_2,APAC_South
11.0,Soosmar slayer,26,5,0,5,3,6,1,6,3,Lobby 1,Semifinals,15.0,0.0,13.0,3.0,Split_2,APAC_South
12.0,BLANK,25,7,1,3,4,17,3,10,1,Lobby 1,Semifinals,17.0,1.0,16.0,3.0,Split_2,APAC_South
13.0,ASC,23,17,0,17,1,12,4,17,0,Lobby 1,Semifinals,4.0,1.0,5.0,7.0,Split_2,APAC_South
14.0,END,22,13,0,6,1,3,6,12,0,Lobby 1,Semifinals,14.0,0.0,10.0,0.0,Split_2,APAC_South
15.0,EMDA,15,6,2,8,3,10,2,11,0,Lobby 1,Semifinals,16.0,0.0,20.0,0.0,Split_2,APAC_South
16.0,LIGJR,14,10,0,11,0,16,3,4,1,Lobby 1,Semifinals,9.0,0.0,17.0,0.0,Split_2,APAC_South
17.0,HAN,9,12,0,14,3,11,2,18,0,Lobby 1,Semifinals,18.0,0.0,15.0,0.0,Split_2,APAC_South
18.0,GOD OF DREAM,9,14,0,18,3,14,0,15,0,Lobby 1,Semifinals,12.0,0.0,9.0,0.0,Split_2,APAC_South
19.0,NoC,7,19,0,20,0,20,0,13,0,Lobby 1,Semifinals,7.0,2.0,14.0,0.0,Split_2,APAC_South
20.0,COHA,6,15,0,12,0,18,2,20,0,Lobby 1,Semifinals,8.0,0.0,18.0,0.0,Split_2,APAC_South
1.0,AVG,85,9,4,4,13,1,16,12,9,Lobby 2,Semifinals,1.0,10.0,11.0,0.0,Split_2,APAC_South
2.0,HAKA,74,3,2,3,14,7,0,2,12,Lobby 2,Semifinals,2.0,8.0,8.0,1.0,Split_2,APAC_South
3.0,JET,62,7,6,1,10,9,0,1,7,Lobby 2,Semifinals,9.0,1.0,5.0,3.0,Split_2,APAC_South
4.0,NOPLAY2,48,1,11,6,2,12,2,15,3,Lobby 2,Semifinals,6.0,3.0,9.0,5.0,Split_2,APAC_South
5.0,姐妹花,44,6,4,11,2,4,4,19,0,Lobby 2,Semifinals,12.0,4.0,1.0,8.0,Split_2,APAC_South
6.0,Phantom,43,17,0,2,3,3,5,4,1,Lobby 2,Semifinals,17.0,0.0,4.0,8.0,Split_2,APAC_South
7.0,END2,42,5,6,16,0,11,5,5,12,Lobby 2,Semifinals,11.0,5.0,10.0,2.0,Split_2,APAC_South
8.0,Chonky Bees,33,12,0,7,4,14,0,10,6,Lobby 2,Semifinals,4.0,4.0,15.0,6.0,Split_2,APAC_South
9.0,Horizon,31,10,6,15,4,6,3,14,0,Lobby 2,Semifinals,8.0,9.0,17.0,0.0,Split_2,APAC_South
10.0,AIC WIBU,29,14,2,12,0,16,0,17,0,Lobby 2,Semifinals,5.0,4.0,2.0,8.0,Split_2,APAC_South
11.0,iONR,29,19,0,17,0,8,3,11,0,Lobby 2,Semifinals,3.0,6.0,3.0,3.0,Split_2,APAC_South
12.0,OGL,28,4,4,5,1,15,0,8,3,Lobby 2,Semifinals,15.0,0.0,6.0,4.0,Split_2,APAC_South
13.0,okok,24,16,0,10,3,2,3,6,2,Lobby 2,Semifinals,14.0,0.0,13.0,0.0,Split_2,APAC_South
14.0,ZeroTwo,23,11,0,14,0,5,8,7,1,Lobby 2,Semifinals,20.0,1.0,12.0,3.0,Split_2,APAC_South
15.0,INX,21,2,7,18,0,10,3,16,0,Lobby 2,Semifinals,16.0,0.0,19.0,0.0,Split_2,APAC_South
16.0,Sanity,17,15,0,13,0,20,0,3,2,Lobby 2,Semifinals,7.0,3.0,20.0,0.0,Split_2,APAC_South
17.0,September,15,18,0,19,0,13,3,9,0,Lobby 2,Semifinals,18.0,0.0,7.0,6.0,Split_2,APAC_South
18.0,MWB,15,8,4,9,2,18,2,18,0,Lobby 2,Semifinals,10.0,0.0,14.0,0.0,Split_2,APAC_South
19.0,iON,5,20,0,8,0,19,1,13,1,Lobby 2,Semifinals,19.0,0.0,18.0,0.0,Split_2,APAC_South
20.0,Incarnate,2,13,0,20,0,17,0,20,0,Lobby 2,Semifinals,13.0,0.0,16.0,0.0,Split_2,APAC_South
1.0,AVG,99,4,4,1,16,13,4,3,9,Lobby 1,Finals,4.0,11.0,2.0,16.0,Split_2,APAC_South
2.0,DNZY,57,1,16,8,5,17,3,10,7,Lobby 1,Finals,3.0,3.0,20.0,0.0,Split_2,APAC_South
3.0,CHILL,53,20,0,13,0,16,0,1,5,Lobby 1,Finals,5.0,4.0,1.0,15.0,Split_2,APAC_South
4.0,Horizon,47,2,9,11,2,8,2,7,0,Lobby 1,Finals,2.0,6.0,15.0,3.0,Split_2,APAC_South
5.0,AIC WIBU,44,9,4,2,3,14,3,2,8,Lobby 1,Finals,11.0,0.0,5.0,0.0,Split_2,APAC_South
6.0,JET,44,8,4,4,5,18,0,14,1,Lobby 1,Finals,1.0,6.0,3.0,1.0,Split_2,APAC_South
7.0,JKs,41,11,3,9,3,3,7,11,1,Lobby 1,Finals,10.0,4.0,8.0,8.0,Split_2,APAC_South
8.0,姐妹花,38,17,0,19,0,1,8,4,2,Lobby 1,Finals,9.0,3.0,10.0,4.0,Split_2,APAC_South
9.0,HAKA,35,5,3,10,3,5,5,8,2,Lobby 1,Finals,8.0,8.0,18.0,0.0,Split_2,APAC_South
10.0,Chonky Bees,29,16,2,3,2,7,4,6,4,Lobby 1,Finals,6.0,0.0,12.0,0.0,Split_2,APAC_South
11.0,CR4KD,26,10,3,12,0,6,9,9,1,Lobby 1,Finals,14.0,3.0,13.0,0.0,Split_2,APAC_South
12.0,AmK,25,13,1,5,8,2,2,19,0,Lobby 1,Finals,16.0,0.0,17.0,0.0,Split_2,APAC_South
13.0,Phantom,24,3,2,14,0,12,0,5,4,Lobby 1,Finals,19.0,0.0,6.0,2.0,Split_2,APAC_South
14.0,END2,20,14,4,18,1,19,0,17,5,Lobby 1,Finals,17.0,4.0,14.0,4.0,Split_2,APAC_South
15.0,DRG,19,7,0,17,0,4,2,12,1,Lobby 1,Finals,12.0,0.0,4.0,1.0,Split_2,APAC_South
16.0,WARTX,17,18,0,6,0,9,2,15,0,Lobby 1,Finals,18.0,0.0,7.0,6.0,Split_2,APAC_South
17.0,MXT,16,19,2,7,6,10,3,20,0,Lobby 1,Finals,20.0,0.0,19.0,0.0,Split_2,APAC_South
18.0,Lowkey,13,6,0,16,1,15,1,13,3,Lobby 1,Finals,13.0,1.0,11.0,0.0,Split_2,APAC_South
19.0,SXT,12,12,0,20,0,20,0,18,2,Lobby 1,Finals,7.0,4.0,9.0,0.0,Split_2,APAC_South
20.0,NOPLAY2,11,15,1,15,3,11,1,16,0,Lobby 1,Finals,15.0,2.0,16.0,0.0,Split_2,APAC_South
1.0,AVG,71,1,19,6,10,3,6,4,9,Lobby 1,Quarterfinals,,,,,Split_2,APAC_South
2.0,KMF,46,2,7,11,5,5,13,12,6,Lobby 1,Quarterfinals,,,,,Split_2,APAC_South
3.0,Bots,42,6,7,3,1,1,8,13,3,Lobby 1,Quarterfinals,,,,,Split_2,APAC_South
4.0,HAKA,41,4,2,13,7,4,8,2,4,Lobby 1,Quarterfinals,,,,,Split_2,APAC_South
5.0,Lowkey,38,9,2,1,8,2,3,8,0,Lobby 1,Quarterfinals,,,,,Split_2,APAC_South
6.0,INX,35,8,1,8,1,6,1,1,13,Lobby 1,Quarterfinals,,,,,Split_2,APAC_South
7.0,REIGN,25,3,3,10,3,8,3,9,3,Lobby 1,Quarterfinals,,,,,Split_2,APAC_South
8.0,Sanity,24,13,0,2,6,18,0,5,4,Lobby 1,Quarterfinals,,,,,Split_2,APAC_South
9.0,Juiced,18,5,3,7,1,14,2,7,1,Lobby 1,Quarterfinals,,,,,Split_2,APAC_South
10.0,Systematic,17,10,2,5,5,11,0,10,1,Lobby 1,Quarterfinals,,,,,Split_2,APAC_South
11.0,Chonky Bees,16,18,3,18,0,9,5,6,3,Lobby 1,Quarterfinals,,,,,Split_2,APAC_South
12.0,CHAWDOY,10,19,0,16,0,10,0,3,1,Lobby 1,Quarterfinals,,,,,Split_2,APAC_South
13.0,GVG,9,7,3,14,1,15,0,0,0,Lobby 1,Quarterfinals,,,,,Split_2,APAC_South
14.0,LGC,8,16,0,4,1,16,1,15,0,Lobby 1,Quarterfinals,,,,,Split_2,APAC_South
15.0,FRJ,6,12,0,17,1,7,0,14,0,Lobby 1,Quarterfinals,,,,,Split_2,APAC_South
16.0,NOPLAY2,5,11,0,15,0,17,3,16,0,Lobby 1,Quarterfinals,,,,,Split_2,APAC_South
17.0,Monkey Predator,5,15,0,9,0,12,0,11,0,Lobby 1,Quarterfinals,,,,,Split_2,APAC_South
18.0,SLA,3,14,0,19,0,13,1,17,0,Lobby 1,Quarterfinals,,,,,Split_2,APAC_South
19.0,S2N,1,17,0,12,0,19,0,0,0,Lobby 1,Quarterfinals,,,,,Split_2,APAC_South
1.0,GSUB,42,0,0,12,3,15,3,1,22,Lobby 2,Quarterfinals,,,,,Split_2,APAC_South
2.0,MAGL,40,1,12,8,0,5,8,12,1,Lobby 2,Quarterfinals,,,,,Split_2,APAC_South
3.0,ARENA,39,18,0,3,14,4,0,5,9,Lobby 2,Quarterfinals,,,,,Split_2,APAC_South
4.0,KYG,38,7,9,1,13,20,0,13,0,Lobby 2,Quarterfinals,,,,,Split_2,APAC_South
5.0,Phantom,26,17,0,13,0,2,7,3,2,Lobby 2,Quarterfinals,,,,,Split_2,APAC_South
6.0,END2,24,12,4,7,8,9,1,6,2,Lobby 2,Quarterfinals,,,,,Split_2,APAC_South
7.0,COOKIE,23,3,3,9,1,18,1,7,6,Lobby 2,Quarterfinals,,,,,Split_2,APAC_South
8.0,JET,23,16,2,5,1,3,3,8,4,Lobby 2,Quarterfinals,,,,,Split_2,APAC_South
9.0,okok,22,8,6,18,0,16,1,2,4,Lobby 2,Quarterfinals,,,,,Split_2,APAC_South
10.0,OGL,20,2,2,4,3,17,0,11,0,Lobby 2,Quarterfinals,,,,,Split_2,APAC_South
11.0,GOD OF DREAM,19,10,0,2,4,19,2,16,2,Lobby 2,Quarterfinals,,,,,Split_2,APAC_South
12.0,LNW,19,0,0,17,0,1,7,17,0,Lobby 2,Quarterfinals,,,,,Split_2,APAC_South
13.0,MWB,18,5,6,11,3,12,2,14,0,Lobby 2,Quarterfinals,,,,,Split_2,APAC_South
14.0,AIC WIBU,16,6,0,19,0,6,2,4,3,Lobby 2,Quarterfinals,,,,,Split_2,APAC_South
15.0,HEIR,15,4,4,15,0,8,1,10,0,Lobby 2,Quarterfinals,,,,,Split_2,APAC_South
16.0,MEIDO,13,11,0,14,1,7,6,15,0,Lobby 2,Quarterfinals,,,,,Split_2,APAC_South
17.0,HP,11,13,0,6,1,11,1,9,2,Lobby 2,Quarterfinals,,,,,Split_2,APAC_South
18.0,heLL,5,15,0,0,0,14,3,19,0,Lobby 2,Quarterfinals,,,,,Split_2,APAC_South
19.0,VRG,5,9,0,10,0,13,0,18,0,Lobby 2,Quarterfinals,,,,,Split_2,APAC_South
20.0,Unknown,3,14,0,16,0,10,0,20,0,Lobby 2,Quarterfinals,,,,,Split_2,APAC_South
1.0,DNZY,79,1,19,3,11,7,9,4,13,Lobby 3,Quarterfinals,,,,,Split_2,APAC_South
2.0,iON-H,50,3,3,7,0,3,9,1,9,Lobby 3,Quarterfinals,,,,,Split_2,APAC_South
3.0,YTS,49,9,0,4,8,2,8,3,10,Lobby 3,Quarterfinals,,,,,Split_2,APAC_South
4.0,LIGJR,44,2,5,1,8,6,1,6,3,Lobby 3,Quarterfinals,,,,,Split_2,APAC_South
5.0,姐妹花,37,5,7,6,3,1,8,16,0,Lobby 3,Quarterfinals,,,,,Split_2,APAC_South
6.0,SOT,26,8,1,2,6,4,1,15,1,Lobby 3,Quarterfinals,,,,,Split_2,APAC_South
7.0,Soosmar slayer,21,4,3,16,0,10,1,2,1,Lobby 3,Quarterfinals,,,,,Split_2,APAC_South
8.0,ZeroTwo,20,7,6,14,0,5,5,14,0,Lobby 3,Quarterfinals,,,,,Split_2,APAC_South
9.0,RYU,19,14,2,11,2,15,3,5,5,Lobby 3,Quarterfinals,,,,,Split_2,APAC_South
10.0,RZ,14,6,2,13,4,17,0,9,2,Lobby 3,Quarterfinals,,,,,Split_2,APAC_South
11.0,Behr,13,10,0,8,2,8,1,10,2,Lobby 3,Quarterfinals,,,,,Split_2,APAC_South
12.0,HKUF,10,13,0,9,5,16,0,8,0,Lobby 3,Quarterfinals,,,,,Split_2,APAC_South
13.0,INEL,8,15,0,10,1,12,0,7,0,Lobby 3,Quarterfinals,,,,,Split_2,APAC_South
14.0,tasi,6,17,0,12,0,11,0,12,3,Lobby 3,Quarterfinals,,,,,Split_2,APAC_South
15.0,SAE,6,16,0,5,0,13,0,11,0,Lobby 3,Quarterfinals,,,,,Split_2,APAC_South
16.0,DX,5,11,0,17,0,9,1,13,0,Lobby 3,Quarterfinals,,,,,Split_2,APAC_South
17.0,X SPLITS,3,12,0,15,0,14,0,17,0,Lobby 3,Quarterfinals,,,,,Split_2,APAC_South
18.0,CR4KD,0,0,0,0,0,0,0,0,0,Lobby 3,Quarterfinals,,,,,Split_2,APAC_South
19.0,SXT,0,0,0,0,0,0,0,0,0,Lobby 3,Quarterfinals,,,,,Split_2,APAC_South
1.0,DRG,58,2,4,1,6,5,4,1,7,Lobby 4,Quarterfinals,,,,,Split_2,APAC_South
2.0,Horizon,52,5,1,3,18,15,3,9,16,Lobby 4,Quarterfinals,,,,,Split_2,APAC_South
3.0,JKs,48,19,0,10,3,1,19,4,7,Lobby 4,Quarterfinals,,,,,Split_2,APAC_South
4.0,MDYB,45,8,3,4,6,12,14,5,10,Lobby 4,Quarterfinals,,,,,Split_2,APAC_South
5.0,ASC,40,1,11,15,0,4,7,11,3,Lobby 4,Quarterfinals,,,,,Split_2,APAC_South
6.0,OJ,29,4,9,6,2,3,2,13,0,Lobby 4,Quarterfinals,,,,,Split_2,APAC_South
7.0,AmK,27,6,0,2,10,7,1,15,0,Lobby 4,Quarterfinals,,,,,Split_2,APAC_South
8.0,September,19,9,0,5,0,16,0,2,4,Lobby 4,Quarterfinals,,,,,Split_2,APAC_South
9.0,TTS,17,11,6,8,0,14,0,3,0,Lobby 4,Quarterfinals,,,,,Split_2,APAC_South
10.0,CACAD,14,15,4,17,0,6,2,12,3,Lobby 4,Quarterfinals,,,,,Split_2,APAC_South
11.0,Baj,14,17,0,19,0,2,2,7,0,Lobby 4,Quarterfinals,,,,,Split_2,APAC_South
12.0,WN,11,12,2,9,5,19,0,17,1,Lobby 4,Quarterfinals,,,,,Split_2,APAC_South
13.0,MASQ,10,14,0,7,3,18,0,10,1,Lobby 4,Quarterfinals,,,,,Split_2,APAC_South
14.0,Speed,9,10,0,14,0,10,0,6,1,Lobby 4,Quarterfinals,,,,,Split_2,APAC_South
15.0,BIGG,8,7,1,16,0,8,0,8,0,Lobby 4,Quarterfinals,,,,,Split_2,APAC_South
16.0,BLANK,8,3,0,18,0,11,0,16,0,Lobby 4,Quarterfinals,,,,,Split_2,APAC_South
17.0,Amletics,6,18,0,11,3,17,0,18,2,Lobby 4,Quarterfinals,,,,,Split_2,APAC_South
18.0,YS,5,13,0,13,0,9,0,14,0,Lobby 4,Quarterfinals,,,,,Split_2,APAC_South
19.0,jpeg,2,16,0,12,0,13,0,19,0,Lobby 4,Quarterfinals,,,,,Split_2,APAC_South
1.0,AVG,78,1,14,9,4,9,5,11,6,Lobby 1,Semifinals,1.0,10.0,9.0,8.0,Split_2,APAC_South
2.0,ARENA,60,3,4,7,1,1,9,1,12,Lobby 1,Semifinals,16.0,0.0,19.0,0.0,Split_2,APAC_South
3.0,HAKA,58,5,7,6,1,15,0,10,4,Lobby 1,Semifinals,2.0,9.0,4.0,13.0,Split_2,APAC_South
4.0,Lowkey,51,10,1,8,5,3,12,7,0,Lobby 1,Semifinals,15.0,3.0,1.0,3.0,Split_2,APAC_South
5.0,KMF,46,2,11,5,3,6,6,12,2,Lobby 1,Semifinals,20.0,0.0,7.0,4.0,Split_2,APAC_South
6.0,INX,39,12,0,15,2,10,0,3,7,Lobby 1,Semifinals,7.0,2.0,2.0,5.0,Split_2,APAC_South
7.0,JET,39,4,1,4,7,5,3,19,0,Lobby 1,Semifinals,10.0,2.0,3.0,3.0,Split_2,APAC_South
8.0,Phantom,33,7,2,1,8,7,1,5,0,Lobby 1,Semifinals,18.0,0.0,17.0,0.0,Split_2,APAC_South
9.0,END2,30,14,2,13,3,4,5,8,7,Lobby 1,Semifinals,14.0,0.0,14.0,2.0,Split_2,APAC_South
10.0,Sanity,28,16,0,11,1,20,0,2,7,Lobby 1,Semifinals,4.0,3.0,8.0,0.0,Split_2,APAC_South
11.0,GSUB,27,20,0,3,12,16,0,14,1,Lobby 1,Semifinals,17.0,3.0,16.0,3.0,Split_2,APAC_South
12.0,Juiced,27,6,3,10,3,14,0,15,3,Lobby 1,Semifinals,11.0,3.0,10.0,5.0,Split_2,APAC_South
13.0,MAGL,21,15,0,18,0,8,3,6,1,Lobby 1,Semifinals,6.0,2.0,6.0,3.0,Split_2,APAC_South
14.0,Systematic,21,13,1,2,4,11,0,13,1,Lobby 1,Semifinals,13.0,2.0,18.0,0.0,Split_2,APAC_South
15.0,OGL,21,9,0,12,0,2,2,9,1,Lobby 1,Semifinals,12.0,2.0,12.0,0.0,Split_2,APAC_South
16.0,COOKIE,20,18,0,16,0,13,5,4,5,Lobby 1,Semifinals,8.0,1.0,13.0,0.0,Split_2,APAC_South
17.0,KYG,19,11,6,20,0,12,6,18,1,Lobby 1,Semifinals,9.0,1.0,20.0,1.0,Split_2,APAC_South
18.0,Bots,18,19,0,14,3,19,1,20,0,Lobby 1,Semifinals,3.0,5.0,11.0,0.0,Split_2,APAC_South
19.0,okok,16,17,0,17,0,17,0,16,0,Lobby 1,Semifinals,5.0,5.0,5.0,3.0,Split_2,APAC_South
20.0,REIGN,6,8,3,19,0,18,0,17,0,Lobby 1,Semifinals,19.0,0.0,15.0,0.0,Split_2,APAC_South
1.0,DNZY,90,1,15,1,11,1,8,5,5,Lobby 2,Semifinals,4.0,6.0,16.0,0.0,Split_2,APAC_South
2.0,MDYB,87,20,0,8,9,2,11,14,3,Lobby 2,Semifinals,1.0,17.0,3.0,16.0,Split_2,APAC_South
3.0,YTS,72,5,9,19,0,4,13,2,8,Lobby 2,Semifinals,10.0,2.0,5.0,16.0,Split_2,APAC_South
4.0,Horizon,54,12,8,11,3,8,3,19,0,Lobby 2,Semifinals,6.0,10.0,1.0,11.0,Split_2,APAC_South
5.0,iON-H,49,4,4,7,2,14,2,1,14,Lobby 2,Semifinals,9.0,0.0,14.0,3.0,Split_2,APAC_South
6.0,RYU,43,2,8,16,0,3,2,10,4,Lobby 2,Semifinals,5.0,2.0,10.0,3.0,Split_2,APAC_South
7.0,DRG,42,14,5,20,0,11,5,3,3,Lobby 2,Semifinals,3.0,9.0,7.0,1.0,Split_2,APAC_South
8.0,姐妹花,27,7,3,10,3,6,3,8,4,Lobby 2,Semifinals,14.0,1.0,8.0,0.0,Split_2,APAC_South
9.0,ASC,27,8,4,17,0,15,1,11,2,Lobby 2,Semifinals,2.0,5.0,9.0,0.0,Split_2,APAC_South
10.0,RZ,25,15,0,5,0,13,5,4,7,Lobby 2,Semifinals,13.0,1.0,18.0,0.0,Split_2,APAC_South
11.0,September,24,18,0,2,9,19,0,13,0,Lobby 2,Semifinals,15.0,0.0,6.0,1.0,Split_2,APAC_South
12.0,JKs,22,9,1,3,6,20,0,15,0,Lobby 2,Semifinals,17.0,0.0,4.0,0.0,Split_2,APAC_South
13.0,ZeroTwo,17,10,0,6,5,16,0,9,4,Lobby 2,Semifinals,18.0,0.0,13.0,0.0,Split_2,APAC_South
14.0,Baj,17,13,0,13,0,5,0,16,0,Lobby 2,Semifinals,12.0,0.0,2.0,1.0,Split_2,APAC_South
15.0,SOT,16,17,0,4,3,12,0,6,1,Lobby 2,Semifinals,8.0,0.0,15.0,0.0,Split_2,APAC_South
16.0,LIGJR,14,3,0,12,1,17,2,18,2,Lobby 2,Semifinals,16.0,1.0,17.0,0.0,Split_2,APAC_South
17.0,AmK,14,6,2,9,0,18,0,17,0,Lobby 2,Semifinals,7.0,2.0,11.0,1.0,Split_2,APAC_South
18.0,Soosmar slayer,13,19,0,15,4,7,0,7,0,Lobby 2,Semifinals,11.0,0.0,12.0,0.0,Split_2,APAC_South
19.0,OJ,4,16,0,14,0,10,0,12,0,Lobby 2,Semifinals,19.0,0.0,19.0,0.0,Split_2,APAC_South
20.0,TTS,3,11,0,18,0,9,0,20,0,Lobby 2,Semifinals,20.0,0.0,20.0,0.0,Split_2,APAC_South
1.0,DNZY,75,16,0,3,11,2,7,1,17,Lobby 1,Finals,6.0,8.0,13.0,0.0,Split_2,APAC_South
2.0,Phantom,66,19,0,1,6,1,12,15,3,Lobby 1,Finals,4.0,7.0,4.0,3.0,Split_2,APAC_South
3.0,AVG,59,1,18,15,1,5,2,6,13,Lobby 1,Finals,19.0,0.0,12.0,4.0,Split_2,APAC_South
4.0,MDYB,58,13,1,2,7,19,0,9,1,Lobby 1,Finals,9.0,2.0,1.0,21.0,Split_2,APAC_South
5.0,HAKA,45,4,4,13,0,10,2,2,7,Lobby 1,Finals,10.0,0.0,2.0,4.0,Split_2,APAC_South
6.0,Lowkey,43,2,10,8,0,12,0,3,2,Lobby 1,Finals,2.0,3.0,16.0,0.0,Split_2,APAC_South
7.0,iON-H,34,11,0,4,6,3,4,10,1,Lobby 1,Finals,7.0,3.0,9.0,0.0,Split_2,APAC_South
8.0,姐妹花,32,8,2,17,3,16,0,11,0,Lobby 1,Finals,1.0,11.0,15.0,0.0,Split_2,APAC_South
9.0,ARENA,30,9,4,14,1,11,1,20,0,Lobby 1,Finals,3.0,8.0,8.0,3.0,Split_2,APAC_South
10.0,END2,29,5,3,11,4,7,2,12,3,Lobby 1,Finals,13.0,5.0,14.0,1.0,Split_2,APAC_South
11.0,JET,25,20,0,5,9,13,6,17,0,Lobby 1,Finals,18.0,0.0,10.0,3.0,Split_2,APAC_South
12.0,YTS,24,18,3,7,4,4,8,19,0,Lobby 1,Finals,16.0,0.0,20.0,1.0,Split_2,APAC_South
13.0,Horizon,22,15,5,19,0,17,3,13,3,Lobby 1,Finals,14.0,1.0,7.0,4.0,Split_2,APAC_South
14.0,ASC,22,6,2,6,1,6,0,16,0,Lobby 1,Finals,5.0,4.0,17.0,2.0,Split_2,APAC_South
15.0,Sanity,22,3,2,9,0,9,2,5,2,Lobby 1,Finals,11.0,0.0,19.0,0.0,Split_2,APAC_South
16.0,DRG,21,12,0,12,1,14,3,4,2,Lobby 1,Finals,17.0,0.0,5.0,3.0,Split_2,APAC_South
17.0,RZ,20,10,0,10,0,18,1,14,1,Lobby 1,Finals,20.0,0.0,3.0,6.0,Split_2,APAC_South
18.0,RYU,16,14,1,18,0,8,0,7,1,Lobby 1,Finals,8.0,0.0,6.0,3.0,Split_2,APAC_South
19.0,INX,13,7,1,16,0,15,3,8,1,Lobby 1,Finals,15.0,1.0,18.0,0.0,Split_2,APAC_South
20.0,KMF,2,17,0,20,0,20,0,18,0,Lobby 1,Finals,12.0,0.0,11.0,0.0,Split_2,APAC_South
1.0,DNZY,99,2,20,1,11,1,12,1,11,Lobby 1,Quarterfinals,,,,,Split_2,APAC_South
2.0,HP,52,1,10,3,1,5,8,4,5,Lobby 1,Quarterfinals,,,,,Split_2,APAC_South
3.0,Systematic,41,8,5,2,10,2,3,6,0,Lobby 1,Quarterfinals,,,,,Split_2,APAC_South
4.0,Bots,31,11,3,5,9,15,0,3,6,Lobby 1,Quarterfinals,,,,,Split_2,APAC_South
5.0,Lowkey,29,3,6,4,3,10,1,8,3,Lobby 1,Quarterfinals,,,,,Split_2,APAC_South
6.0,MWB,29,5,0,11,0,3,11,5,2,Lobby 1,Quarterfinals,,,,,Split_2,APAC_South
7.0,Monkey Predator,22,12,0,19,0,4,0,2,7,Lobby 1,Quarterfinals,,,,,Split_2,APAC_South
8.0,INX,21,4,3,10,0,14,1,7,6,Lobby 1,Quarterfinals,,,,,Split_2,APAC_South
9.0,VG,18,6,3,16,4,12,4,16,3,Lobby 1,Quarterfinals,,,,,Split_2,APAC_South
10.0,END2,18,16,3,13,1,8,7,10,2,Lobby 1,Quarterfinals,,,,,Split_2,APAC_South
11.0,OJ,16,7,2,9,6,18,1,9,0,Lobby 1,Quarterfinals,,,,,Split_2,APAC_South
12.0,iON-H,15,9,0,8,3,6,4,13,0,Lobby 1,Quarterfinals,,,,,Split_2,APAC_South
13.0,WN,11,18,2,12,3,9,3,18,0,Lobby 1,Quarterfinals,,,,,Split_2,APAC_South
14.0,Chonky Bees,9,10,0,15,5,13,0,17,0,Lobby 1,Quarterfinals,,,,,Split_2,APAC_South
15.0,GOD OF DREAM,7,13,0,17,0,7,0,15,2,Lobby 1,Quarterfinals,,,,,Split_2,APAC_South
16.0,SOLSIS,7,14,0,6,1,11,0,12,0,Lobby 1,Quarterfinals,,,,,Split_2,APAC_South
17.0,SIMP,5,15,0,7,1,17,0,0,0,Lobby 1,Quarterfinals,,,,,Split_2,APAC_South
18.0,Juiced,2,17,0,18,0,16,0,11,1,Lobby 1,Quarterfinals,,,,,Split_2,APAC_South
19.0,DEEZN,1,20,0,14,0,0,0,0,0,Lobby 1,Quarterfinals,,,,,Split_2,APAC_South
20.0,NoC,1,19,0,20,0,19,0,14,0,Lobby 1,Quarterfinals,,,,,Split_2,APAC_South
1.0,ARENA,54,1,14,20,0,20,0,1,16,Lobby 2,Quarterfinals,,,,,Split_2,APAC_South
2.0,RYU,52,6,2,2,13,15,1,2,14,Lobby 2,Quarterfinals,,,,,Split_2,APAC_South
3.0,GSUB,49,8,6,12,2,1,12,9,12,Lobby 2,Quarterfinals,,,,,Split_2,APAC_South
4.0,Phantom,39,5,1,4,10,5,8,7,4,Lobby 2,Quarterfinals,,,,,Split_2,APAC_South
5.0,ASC,34,2,13,6,7,17,0,10,0,Lobby 2,Quarterfinals,,,,,Split_2,APAC_South
6.0,SLA,31,3,11,13,0,10,2,8,6,Lobby 2,Quarterfinals,,,,,Split_2,APAC_South
7.0,DYSON,26,4,5,3,4,9,3,18,0,Lobby 2,Quarterfinals,,,,,Split_2,APAC_South
8.0,Sovereign,25,7,1,1,7,8,0,16,0,Lobby 2,Quarterfinals,,,,,Split_2,APAC_South
9.0,LVTHN,24,9,0,5,1,2,7,15,0,Lobby 2,Quarterfinals,,,,,Split_2,APAC_South
10.0,姐妹花,19,12,1,9,1,6,6,4,0,Lobby 2,Quarterfinals,,,,,Split_2,APAC_South
11.0,Soosmar slayer,18,10,0,8,6,11,5,13,1,Lobby 2,Quarterfinals,,,,,Split_2,APAC_South
12.0,WAR VIKINGS,18,11,3,10,0,3,5,17,0,Lobby 2,Quarterfinals,,,,,Split_2,APAC_South
13.0,KINDOG,12,13,0,15,0,14,3,5,2,Lobby 2,Quarterfinals,,,,,Split_2,APAC_South
14.0,BLANK,12,14,0,18,0,4,1,6,2,Lobby 2,Quarterfinals,,,,,Split_2,APAC_South
15.0,RZ,12,15,1,11,0,13,0,3,1,Lobby 2,Quarterfinals,,,,,Split_2,APAC_South
16.0,GSWRD,10,20,0,16,1,7,3,12,2,Lobby 2,Quarterfinals,,,,,Split_2,APAC_South
17.0,SNM,8,18,0,7,4,18,0,11,0,Lobby 2,Quarterfinals,,,,,Split_2,APAC_South
18.0,67 Richter,2,19,0,14,0,19,0,14,0,Lobby 2,Quarterfinals,,,,,Split_2,APAC_South
19.0,LNW,1,16,0,17,1,16,0,19,0,Lobby 2,Quarterfinals,,,,,Split_2,APAC_South
20.0,heLL,1,17,0,19,0,12,0,20,0,Lobby 2,Quarterfinals,,,,,Split_2,APAC_South
1.0,YTS,79,3,14,2,16,14,3,1,17,Lobby 3,Quarterfinals,,,,,Split_2,APAC_South
2.0,Horizon,40,16,2,5,1,1,17,15,3,Lobby 3,Quarterfinals,,,,,Split_2,APAC_South
3.0,OGL,37,6,0,3,5,2,2,2,2,Lobby 3,Quarterfinals,,,,,Split_2,APAC_South
4.0,AIC WIBU,36,2,5,11,0,6,0,4,13,Lobby 3,Quarterfinals,,,,,Split_2,APAC_South
5.0,AVG,32,8,5,4,9,11,2,5,4,Lobby 3,Quarterfinals,,,,,Split_2,APAC_South
6.0,MDYB,28,13,9,6,2,13,3,8,7,Lobby 3,Quarterfinals,,,,,Split_2,APAC_South
7.0,okok,28,1,13,17,0,16,3,17,0,Lobby 3,Quarterfinals,,,,,Split_2,APAC_South
8.0,MIX-ONE,22,17,3,9,4,7,2,3,1,Lobby 3,Quarterfinals,,,,,Split_2,APAC_South
9.0,BSTD2,20,7,0,1,5,17,0,18,0,Lobby 3,Quarterfinals,,,,,Split_2,APAC_South
10.0,MASQ,16,4,0,15,0,3,0,6,0,Lobby 3,Quarterfinals,,,,,Split_2,APAC_South
11.0,JKs,15,18,0,18,0,4,9,13,0,Lobby 3,Quarterfinals,,,,,Split_2,APAC_South
12.0,DVG,14,5,3,13,0,5,2,16,0,Lobby 3,Quarterfinals,,,,,Split_2,APAC_South
13.0,Boosted,10,12,1,14,2,10,2,14,0,Lobby 3,Quarterfinals,,,,,Split_2,APAC_South
14.0,CHAWDOY,9,19,1,7,0,8,0,7,0,Lobby 3,Quarterfinals,,,,,Split_2,APAC_South
15.0,LGC,9,9,0,8,1,9,0,9,0,Lobby 3,Quarterfinals,,,,,Split_2,APAC_South
16.0,HKUF,7,14,0,10,1,0,0,10,1,Lobby 3,Quarterfinals,,,,,Split_2,APAC_South
17.0,HEAVEN,6,15,0,12,2,15,0,11,0,Lobby 3,Quarterfinals,,,,,Split_2,APAC_South
18.0,NOPLAY2,5,10,0,19,0,12,1,12,0,Lobby 3,Quarterfinals,,,,,Split_2,APAC_South
19.0,tasi,1,11,0,0,0,0,0,0,0,Lobby 3,Quarterfinals,,,,,Split_2,APAC_South
20.0,MUDA,0,20,0,16,0,0,0,0,0,Lobby 3,Quarterfinals,,,,,Split_2,APAC_South
1.0,CHILL,62,5,4,2,9,1,17,11,6,Lobby 4,Quarterfinals,,,,,Split_2,APAC_South
2.0,ZeroTwo,39,4,3,8,7,3,5,4,5,Lobby 4,Quarterfinals,,,,,Split_2,APAC_South
3.0,HAKA,37,1,10,11,1,13,0,3,5,Lobby 4,Quarterfinals,,,,,Split_2,APAC_South
4.0,Sanity,37,13,1,1,7,2,3,15,3,Lobby 4,Quarterfinals,,,,,Split_2,APAC_South
5.0,Team Sidai,34,9,6,14,4,6,0,1,6,Lobby 4,Quarterfinals,,,,,Split_2,APAC_South
6.0,SMDG,33,18,1,9,4,14,6,2,10,Lobby 4,Quarterfinals,,,,,Split_2,APAC_South
7.0,JET,30,7,0,3,11,10,0,9,5,Lobby 4,Quarterfinals,,,,,Split_2,APAC_South
8.0,REIGN,27,2,8,5,1,7,1,14,0,Lobby 4,Quarterfinals,,,,,Split_2,APAC_South
9.0,VOID,25,3,9,6,2,8,2,16,0,Lobby 4,Quarterfinals,,,,,Split_2,APAC_South
10.0,DRG,16,11,0,4,1,5,2,7,0,Lobby 4,Quarterfinals,,,,,Split_2,APAC_South
11.0,Baj,15,8,2,10,0,12,5,10,1,Lobby 4,Quarterfinals,,,,,Split_2,APAC_South
12.0,GBR,15,6,1,17,0,4,2,13,3,Lobby 4,Quarterfinals,,,,,Split_2,APAC_South
13.0,KMF,12,12,0,7,1,15,0,6,3,Lobby 4,Quarterfinals,,,,,Split_2,APAC_South
14.0,NCTRY,11,16,2,18,0,9,3,5,0,Lobby 4,Quarterfinals,,,,,Split_2,APAC_South
15.0,SOT,6,15,0,12,2,17,1,12,0,Lobby 4,Quarterfinals,,,,,Split_2,APAC_South
16.0,CORN,4,14,0,16,0,11,0,8,0,Lobby 4,Quarterfinals,,,,,Split_2,APAC_South
17.0,ENERGI,3,10,0,15,0,18,0,0,0,Lobby 4,Quarterfinals,,,,,Split_2,APAC_South
18.0,QUAD,2,17,0,13,0,16,0,17,1,Lobby 4,Quarterfinals,,,,,Split_2,APAC_South
19.0,ANIM,0,0,0,0,0,0,0,0,0,Lobby 4,Quarterfinals,,,,,Split_2,APAC_South
20.0,FPAH,0,0,0,0,0,0,0,0,0,Lobby 4,Quarterfinals,,,,,Split_2,APAC_South
1.0,DNZY,117,11,2,1,22,7,7,1,11,Lobby 1,Semifinals,1.0,20.0,9.0,13.0,Split_2,APAC_South
2.0,VG,57,8,17,5,6,3,12,14,8,Lobby 1,Semifinals,18.0,0.0,20.0,0.0,Split_2,APAC_South
3.0,Phantom,56,3,3,8,4,2,4,11,0,Lobby 1,Semifinals,6.0,3.0,3.0,13.0,Split_2,APAC_South
4.0,Bots,52,1,10,17,0,1,9,12,3,Lobby 1,Semifinals,4.0,0.0,19.0,0.0,Split_2,APAC_South
5.0,ARENA,40,16,0,4,2,4,11,4,5,Lobby 1,Semifinals,14.0,4.0,10.0,0.0,Split_2,APAC_South
6.0,Lowkey,37,7,2,2,8,13,1,9,1,Lobby 1,Semifinals,7.0,3.0,12.0,3.0,Split_2,APAC_South
7.0,Sovereign,37,14,0,18,0,6,2,8,0,Lobby 1,Semifinals,9.0,2.0,1.0,13.0,Split_2,APAC_South
8.0,LVTHN,37,17,1,7,0,11,0,2,11,Lobby 1,Semifinals,5.0,4.0,5.0,0.0,Split_2,APAC_South
9.0,Systematic,34,2,3,6,0,17,0,3,5,Lobby 1,Semifinals,17.0,0.0,4.0,2.0,Split_2,APAC_South
10.0,DYSON,29,5,7,14,3,18,0,7,1,Lobby 1,Semifinals,10.0,0.0,6.0,5.0,Split_2,APAC_South
11.0,姐妹花,27,13,0,19,0,10,0,10,3,Lobby 1,Semifinals,2.0,9.0,15.0,0.0,Split_2,APAC_South
12.0,RYU,26,18,3,3,1,9,1,5,0,Lobby 1,Semifinals,3.0,1.0,16.0,0.0,Split_2,APAC_South
13.0,END2,23,10,1,11,3,19,0,6,4,Lobby 1,Semifinals,8.0,1.0,7.0,3.0,Split_2,APAC_South
14.0,HP,20,15,0,15,1,5,1,16,0,Lobby 1,Semifinals,19.0,0.0,2.0,3.0,Split_2,APAC_South
15.0,INX,19,12,1,10,5,15,3,17,1,Lobby 1,Semifinals,11.0,3.0,11.0,0.0,Split_2,APAC_South
16.0,MWB,19,6,3,9,0,8,2,19,1,Lobby 1,Semifinals,15.0,4.0,13.0,0.0,Split_2,APAC_South
17.0,SLA,18,9,2,12,2,14,6,15,1,Lobby 1,Semifinals,20.0,0.0,8.0,0.0,Split_2,APAC_South
18.0,GSUB,14,4,3,16,0,12,0,18,0,Lobby 1,Semifinals,12.0,1.0,17.0,3.0,Split_2,APAC_South
19.0,Monkey Predator,6,19,0,13,1,16,0,20,0,Lobby 1,Semifinals,13.0,2.0,14.0,0.0,Split_2,APAC_South
20.0,ASC,5,20,0,20,0,20,0,13,4,Lobby 1,Semifinals,16.0,0.0,18.0,0.0,Split_2,APAC_South
1.0,YTS,95,2,18,16,0,1,21,1,14,Lobby 2,Semifinals,10.0,3.0,14.0,3.0,Split_2,APAC_South
2.0,MDYB,82,3,12,13,8,18,3,11,8,Lobby 2,Semifinals,5.0,6.0,2.0,23.0,Split_2,APAC_South
3.0,AIC WIBU,67,8,2,1,8,2,8,4,7,Lobby 2,Semifinals,12.0,3.0,3.0,3.0,Split_2,APAC_South
4.0,Horizon,46,16,1,8,6,15,3,10,5,Lobby 2,Semifinals,2.0,13.0,9.0,2.0,Split_2,APAC_South
5.0,JET,46,1,5,3,13,16,1,9,2,Lobby 2,Semifinals,11.0,0.0,10.0,1.0,Split_2,APAC_South
6.0,DRG,36,19,0,9,0,7,1,13,1,Lobby 2,Semifinals,3.0,3.0,1.0,6.0,Split_2,APAC_South
7.0,CHILL,34,4,4,17,0,12,5,18,0,Lobby 2,Semifinals,4.0,6.0,6.0,5.0,Split_2,APAC_South
8.0,OGL,33,9,1,4,1,4,1,3,2,Lobby 2,Semifinals,9.0,3.0,5.0,0.0,Split_2,APAC_South
9.0,AVG,31,7,1,12,4,13,1,2,5,Lobby 2,Semifinals,14.0,3.0,13.0,1.0,Split_2,APAC_South
10.0,ZeroTwo,28,13,0,5,5,3,4,16,0,Lobby 2,Semifinals,13.0,0.0,4.0,1.0,Split_2,APAC_South
11.0,SMDG,25,5,8,7,4,14,2,17,0,Lobby 2,Semifinals,19.0,0.0,7.0,0.0,Split_2,APAC_South
12.0,Team Sidai,23,18,0,2,2,10,0,15,0,Lobby 2,Semifinals,8.0,3.0,11.0,3.0,Split_2,APAC_South
13.0,MIX-ONE,22,17,0,19,0,17,0,19,0,Lobby 2,Semifinals,1.0,6.0,8.0,2.0,Split_2,APAC_South
14.0,REIGN,16,15,0,6,3,9,0,12,1,Lobby 2,Semifinals,6.0,2.0,18.0,0.0,Split_2,APAC_South
15.0,HAKA,15,6,3,15,0,5,2,8,0,Lobby 2,Semifinals,18.0,0.0,0.0,0.0,Split_2,APAC_South
16.0,okok,13,14,1,11,0,11,0,5,5,Lobby 2,Semifinals,17.0,0.0,16.0,0.0,Split_2,APAC_South
17.0,VOID,11,11,2,18,0,19,0,6,3,Lobby 2,Semifinals,15.0,1.0,17.0,0.0,Split_2,APAC_South
18.0,Sanity,11,12,1,10,1,8,0,7,0,Lobby 2,Semifinals,16.0,0.0,12.0,0.0,Split_2,APAC_South
19.0,MASQ,11,10,0,14,0,6,0,14,0,Lobby 2,Semifinals,7.0,0.0,15.0,0.0,Split_2,APAC_South
20.0,BSTD2,0,20,0,20,0,20,0,20,0,Lobby 2,Semifinals,20.0,0.0,0.0,0.0,Split_2,APAC_South
1.0,YTS,80,1,12,15,2,14,2,1,14,Lobby 1,Finals,3.0,7.0,5.0,6.0,Split_2,APAC_South
2.0,AVG,78,2,12,1,11,18,0,2,10,Lobby 1,Finals,4.0,4.0,7.0,3.0,Split_2,APAC_South
3.0,DNZY,69,4,9,2,12,3,9,16,3,Lobby 1,Finals,17.0,4.0,8.0,9.0,Split_2,APAC_South
4.0,MDYB,64,16,3,3,5,19,0,10,2,Lobby 1,Finals,1.0,12.0,1.0,9.0,Split_2,APAC_South
5.0,ZeroTwo,45,11,0,7,3,4,5,12,1,Lobby 1,Finals,2.0,12.0,9.0,3.0,Split_2,APAC_South
6.0,Phantom,40,15,0,16,0,2,7,8,2,Lobby 1,Finals,13.0,2.0,2.0,7.0,Split_2,APAC_South
7.0,Bots,31,5,2,8,2,1,8,15,0,Lobby 1,Finals,18.0,0.0,17.0,0.0,Split_2,APAC_South
8.0,VG,27,19,0,4,7,16,3,14,6,Lobby 1,Finals,14.0,3.0,14.0,0.0,Split_2,APAC_South
9.0,Horizon,26,20,0,13,3,6,1,3,5,Lobby 1,Finals,11.0,5.0,18.0,0.0,Split_2,APAC_South
10.0,Systematic,26,8,0,11,1,13,1,7,2,Lobby 1,Finals,7.0,0.0,4.0,7.0,Split_2,APAC_South
11.0,OGL,26,3,5,9,0,9,0,5,1,Lobby 1,Finals,8.0,2.0,15.0,0.0,Split_2,APAC_South
12.0,AIC WIBU,24,13,4,14,0,5,10,19,0,Lobby 1,Finals,10.0,1.0,11.0,0.0,Split_2,APAC_South
13.0,Sovereign,24,12,0,6,2,8,3,13,1,Lobby 1,Finals,5.0,1.0,6.0,3.0,Split_2,APAC_South
14.0,Lowkey,21,14,0,5,7,17,0,6,2,Lobby 1,Finals,6.0,0.0,12.0,0.0,Split_2,APAC_South
15.0,ARENA,20,18,1,18,0,11,6,17,0,Lobby 1,Finals,9.0,3.0,10.0,5.0,Split_2,APAC_South
16.0,CHILL,19,6,0,12,1,15,0,4,8,Lobby 1,Finals,20.0,0.0,20.0,0.0,Split_2,APAC_South
17.0,DYSON,18,10,2,20,0,20,0,20,0,Lobby 1,Finals,12.0,3.0,3.0,3.0,Split_2,APAC_South
18.0,DRG,14,7,3,10,0,7,0,11,1,Lobby 1,Finals,19.0,0.0,13.0,0.0,Split_2,APAC_South
19.0,JET,5,9,0,17,0,12,1,18,0,Lobby 1,Finals,15.0,0.0,16.0,0.0,Split_2,APAC_South
20.0,LVTHN,4,17,0,19,0,10,0,9,0,Lobby 1,Finals,16.0,0.0,19.0,0.0,Split_2,APAC_South
1.0,AVG,79,12,4,1,13,1,12,1,13,Lobby 1,Quarterfinals,,,,,Split_2,APAC_South
2.0,Systematic,55,1,9,2,7,12,7,4,5,Lobby 1,Quarterfinals,,,,,Split_2,APAC_South
3.0,Bots,40,3,15,4,6,8,0,18,5,Lobby 1,Quarterfinals,,,,,Split_2,APAC_South
4.0,END2,38,2,9,11,3,5,12,16,0,Lobby 1,Quarterfinals,,,,,Split_2,APAC_South
5.0,SMDG,23,19,0,20,0,9,7,2,5,Lobby 1,Quarterfinals,,,,,Split_2,APAC_South
6.0,PBY,22,17,0,6,5,13,1,5,8,Lobby 1,Quarterfinals,,,,,Split_2,APAC_South
7.0,MIX-ONE,20,11,4,15,0,4,5,7,1,Lobby 1,Quarterfinals,,,,,Split_2,APAC_South
8.0,YNGEN,20,10,0,19,0,15,1,3,9,Lobby 1,Quarterfinals,,,,,Split_2,APAC_South
9.0,Behr,18,5,1,5,3,19,0,6,3,Lobby 1,Quarterfinals,,,,,Split_2,APAC_South
10.0,WhiteGive,17,6,0,13,2,3,2,10,0,Lobby 1,Quarterfinals,,,,,Split_2,APAC_South
11.0,RZ,16,4,2,14,2,17,3,11,2,Lobby 1,Quarterfinals,,,,,Split_2,APAC_South
12.0,DRG,14,20,0,7,2,7,1,8,3,Lobby 1,Quarterfinals,,,,,Split_2,APAC_South
13.0,Sovereign,14,13,0,16,0,2,4,19,0,Lobby 1,Quarterfinals,,,,,Split_2,APAC_South
14.0,NCTRY,13,15,2,8,7,18,0,15,0,Lobby 1,Quarterfinals,,,,,Split_2,APAC_South
15.0,OMP,13,14,0,3,2,10,0,13,0,Lobby 1,Quarterfinals,,,,,Split_2,APAC_South
16.0,JKs,11,8,4,10,0,14,2,20,0,Lobby 1,Quarterfinals,,,,,Split_2,APAC_South
17.0,Behemoth,9,18,0,17,0,6,4,14,1,Lobby 1,Quarterfinals,,,,,Split_2,APAC_South
18.0,Espoir,7,7,1,12,1,11,0,17,0,Lobby 1,Quarterfinals,,,,,Split_2,APAC_South
19.0,T-BIRDS,6,9,1,9,0,16,0,12,0,Lobby 1,Quarterfinals,,,,,Split_2,APAC_South
20.0,MASQ,3,16,0,18,0,20,1,9,0,Lobby 1,Quarterfinals,,,,,Split_2,APAC_South
1.0,Horizon,50,9,8,11,4,3,13,6,12,Lobby 2,Quarterfinals,,,,,Split_2,APAC_South
2.0,JET,45,10,2,2,10,5,5,4,8,Lobby 2,Quarterfinals,,,,,Split_2,APAC_South
3.0,MWB,44,5,4,1,10,16,5,5,5,Lobby 2,Quarterfinals,,,,,Split_2,APAC_South
4.0,BIGG,40,1,11,10,0,6,0,2,3,Lobby 2,Quarterfinals,,,,,Split_2,APAC_South
5.0,MDYB,35,14,6,20,3,2,15,20,1,Lobby 2,Quarterfinals,,,,,Split_2,APAC_South
6.0,MLG,34,2,3,5,4,7,6,9,3,Lobby 2,Quarterfinals,,,,,Split_2,APAC_South
7.0,INX,33,3,5,8,5,9,1,3,4,Lobby 2,Quarterfinals,,,,,Split_2,APAC_South
8.0,RYU,29,16,3,19,0,8,0,1,12,Lobby 2,Quarterfinals,,,,,Split_2,APAC_South
9.0,VG,24,12,0,9,3,1,5,14,0,Lobby 2,Quarterfinals,,,,,Split_2,APAC_South
10.0,CHILL,21,15,0,6,8,12,6,12,1,Lobby 2,Quarterfinals,,,,,Split_2,APAC_South
11.0,LOAF,18,7,1,7,3,4,2,18,1,Lobby 2,Quarterfinals,,,,,Split_2,APAC_South
12.0,Overclocked,14,6,3,4,0,13,1,13,0,Lobby 2,Quarterfinals,,,,,Split_2,APAC_South
13.0,RTB BFH,12,8,5,17,0,20,0,8,3,Lobby 2,Quarterfinals,,,,,Split_2,APAC_South
14.0,HEAVEN,12,19,0,3,2,18,0,10,1,Lobby 2,Quarterfinals,,,,,Split_2,APAC_South
15.0,KHT,8,11,3,13,2,15,0,16,0,Lobby 2,Quarterfinals,,,,,Split_2,APAC_South
16.0,REIGN,6,18,0,16,0,14,2,7,0,Lobby 2,Quarterfinals,,,,,Split_2,APAC_South
17.0,Baj,6,4,1,18,0,17,0,19,0,Lobby 2,Quarterfinals,,,,,Split_2,APAC_South
18.0,MP,5,17,0,14,0,10,2,17,0,Lobby 2,Quarterfinals,,,,,Split_2,APAC_South
19.0,CHAPS,4,13,0,15,0,11,0,15,0,Lobby 2,Quarterfinals,,,,,Split_2,APAC_South
20.0,Saint,3,20,0,12,0,19,0,11,1,Lobby 2,Quarterfinals,,,,,Split_2,APAC_South
1.0,YTS,52,4,11,17,0,1,18,11,5,Lobby 3,Quarterfinals,,,,,Split_2,APAC_South
2.0,HAKA,52,5,7,1,13,4,9,14,1,Lobby 3,Quarterfinals,,,,,Split_2,APAC_South
3.0,FW,47,1,7,14,0,8,2,1,11,Lobby 3,Quarterfinals,,,,,Split_2,APAC_South
4.0,NOPLAY2,42,6,1,2,9,5,5,5,7,Lobby 3,Quarterfinals,,,,,Split_2,APAC_South
5.0,DNZY,34,9,18,20,0,10,10,16,2,Lobby 3,Quarterfinals,,,,,Split_2,APAC_South
6.0,KMF,25,3,0,8,1,19,0,2,6,Lobby 3,Quarterfinals,,,,,Split_2,APAC_South
7.0,Speed,24,2,3,18,0,3,4,15,0,Lobby 3,Quarterfinals,,,,,Split_2,APAC_South
8.0,Monkey Predator,23,8,4,3,7,11,0,10,0,Lobby 3,Quarterfinals,,,,,Split_2,APAC_South
9.0,GBR,22,7,0,4,3,7,3,7,2,Lobby 3,Quarterfinals,,,,,Split_2,APAC_South
10.0,Sanity,17,17,0,19,0,15,0,4,11,Lobby 3,Quarterfinals,,,,,Split_2,APAC_South
11.0,okok,17,15,0,16,0,12,2,3,6,Lobby 3,Quarterfinals,,,,,Split_2,APAC_South
12.0,OPMON,16,19,0,6,3,2,0,12,0,Lobby 3,Quarterfinals,,,,,Split_2,APAC_South
13.0,TNF,15,13,1,10,6,16,3,17,2,Lobby 3,Quarterfinals,,,,,Split_2,APAC_South
14.0,Informal Squad,14,11,0,7,3,13,0,8,4,Lobby 3,Quarterfinals,,,,,Split_2,APAC_South
15.0,No Mental,14,14,0,5,7,14,0,13,0,Lobby 3,Quarterfinals,,,,,Split_2,APAC_South
16.0,TRY,11,12,0,11,0,6,2,6,1,Lobby 3,Quarterfinals,,,,,Split_2,APAC_South
17.0,AIC WIBU,9,10,3,13,3,18,0,20,0,Lobby 3,Quarterfinals,,,,,Split_2,APAC_South
18.0,SLA,6,16,0,15,1,9,0,9,0,Lobby 3,Quarterfinals,,,,,Split_2,APAC_South
19.0,KEBUN,4,20,0,12,3,17,0,19,0,Lobby 3,Quarterfinals,,,,,Split_2,APAC_South
20.0,LOCO,2,18,0,9,0,20,0,18,0,Lobby 3,Quarterfinals,,,,,Split_2,APAC_South
1.0,N-M,69,4,9,1,14,10,3,1,12,Lobby 4,Quarterfinals,,,,,Split_2,APAC_South
2.0,Phantom,55,1,8,2,8,4,7,8,4,Lobby 4,Quarterfinals,,,,,Split_2,APAC_South
3.0,ARENA,50,6,8,6,6,1,13,6,2,Lobby 4,Quarterfinals,,,,,Split_2,APAC_South
4.0,Lowkey,40,13,1,7,5,2,10,3,4,Lobby 4,Quarterfinals,,,,,Split_2,APAC_South
5.0,Juiced,30,3,12,10,0,7,2,7,1,Lobby 4,Quarterfinals,,,,,Split_2,APAC_South
6.0,PUGI,29,10,0,15,0,3,4,2,6,Lobby 4,Quarterfinals,,,,,Split_2,APAC_South
7.0,OGL,26,11,1,3,11,11,0,5,1,Lobby 4,Quarterfinals,,,,,Split_2,APAC_South
8.0,BLANK,24,5,4,8,0,14,1,4,7,Lobby 4,Quarterfinals,,,,,Split_2,APAC_South
9.0,ZeroTwo,21,2,4,19,0,9,5,17,1,Lobby 4,Quarterfinals,,,,,Split_2,APAC_South
10.0,HKUF,17,12,0,17,3,6,5,9,3,Lobby 4,Quarterfinals,,,,,Split_2,APAC_South
11.0,Chonky Bees,17,14,1,5,3,8,2,10,2,Lobby 4,Quarterfinals,,,,,Split_2,APAC_South
12.0,OJ,16,7,1,9,1,5,1,15,3,Lobby 4,Quarterfinals,,,,,Split_2,APAC_South
13.0,iON-H,10,18,0,4,3,15,0,13,0,Lobby 4,Quarterfinals,,,,,Split_2,APAC_South
14.0,HYPER,9,16,3,14,0,12,0,11,3,Lobby 4,Quarterfinals,,,,,Split_2,APAC_South
15.0,U1D,8,9,3,18,1,13,0,18,1,Lobby 4,Quarterfinals,,,,,Split_2,APAC_South
16.0,SNM,5,8,0,11,1,16,0,14,0,Lobby 4,Quarterfinals,,,,,Split_2,APAC_South
17.0,KINDOG,3,17,0,12,0,17,2,16,0,Lobby 4,Quarterfinals,,,,,Split_2,APAC_South
18.0,REC,2,19,0,13,0,18,0,12,0,Lobby 4,Quarterfinals,,,,,Split_2,APAC_South
19.0,FNM,1,15,0,16,0,19,0,20,0,Lobby 4,Quarterfinals,,,,,Split_2,APAC_South
20.0,GFG,0,20,0,20,0,20,0,20,0,Lobby 4,Quarterfinals,,,,,Split_2,APAC_South
1.0,Horizon,84,14,5,4,11,8,0,5,12,Lobby 1,Semifinals,1.0,11.0,2.0,12.0,Split_2,APAC_South
2.0,JET,61,10,0,5,8,5,11,1,8,Lobby 1,Semifinals,4.0,4.0,14.0,2.0,Split_2,APAC_South
3.0,Bots,60,1,7,1,6,15,1,7,6,Lobby 1,Semifinals,12.0,3.0,11.0,7.0,Split_2,APAC_South
4.0,AVG,51,2,10,19,0,1,10,13,0,Lobby 1,Semifinals,7.0,4.0,15.0,1.0,Split_2,APAC_South
5.0,CHILL,50,7,11,6,1,7,3,15,0,Lobby 1,Semifinals,2.0,14.0,10.0,0.0,Split_2,APAC_South
6.0,PBY,40,18,0,13,0,2,10,16,0,Lobby 1,Semifinals,11.0,1.0,1.0,6.0,Split_2,APAC_South
7.0,BIGG,38,6,1,7,2,3,0,12,1,Lobby 1,Semifinals,3.0,5.0,6.0,5.0,Split_2,APAC_South
8.0,Systematic,35,9,1,12,1,9,2,2,6,Lobby 1,Semifinals,6.0,3.0,9.0,3.0,Split_2,APAC_South
9.0,MWB,31,5,6,16,0,4,2,8,2,Lobby 1,Semifinals,8.0,2.0,7.0,3.0,Split_2,APAC_South
10.0,MIX-ONE,31,4,1,3,10,18,0,14,1,Lobby 1,Semifinals,9.0,1.0,12.0,2.0,Split_2,APAC_South
11.0,INX,31,3,2,10,4,14,0,4,0,Lobby 1,Semifinals,15.0,0.0,3.0,2.0,Split_2,APAC_South
12.0,SMDG,28,16,2,8,5,10,7,10,0,Lobby 1,Semifinals,16.0,3.0,8.0,3.0,Split_2,APAC_South
13.0,MLG,24,12,2,14,0,16,0,3,5,Lobby 1,Semifinals,14.0,0.0,5.0,3.0,Split_2,APAC_South
14.0,Behr,18,11,2,9,1,11,0,6,4,Lobby 1,Semifinals,10.0,2.0,18.0,0.0,Split_2,APAC_South
15.0,END2,17,17,0,17,0,17,3,11,5,Lobby 1,Semifinals,17.0,0.0,4.0,3.0,Split_2,APAC_South
16.0,RYU,15,8,1,15,0,13,3,9,3,Lobby 1,Semifinals,13.0,0.0,13.0,0.0,Split_2,APAC_South
17.0,WhiteGive,14,13,0,2,3,12,0,19,0,Lobby 1,Semifinals,18.0,0.0,17.0,0.0,Split_2,APAC_South
18.0,VG,7,15,0,11,0,6,1,17,0,Lobby 1,Semifinals,19.0,1.0,20.0,0.0,Split_2,APAC_South
19.0,YNGEN,6,19,1,18,0,19,0,18,1,Lobby 1,Semifinals,5.0,0.0,16.0,0.0,Split_2,APAC_South
20.0,MDYB,0,20,0,20,0,20,0,20,0,Lobby 1,Semifinals,20.0,0.0,20.0,0.0,Split_2,APAC_South
1.0,ARENA,68,17,1,1,12,10,3,2,3,Lobby 2,Semifinals,1.0,13.0,13.0,0.0,Split_2,APAC_South
2.0,Phantom,63,12,0,2,6,6,9,3,4,Lobby 2,Semifinals,5.0,3.0,2.0,8.0,Split_2,APAC_South
3.0,N-M,57,14,3,18,0,11,8,6,22,Lobby 2,Semifinals,13.0,6.0,6.0,9.0,Split_2,APAC_South
4.0,DNZY,49,19,0,12,9,18,1,13,1,Lobby 2,Semifinals,8.0,6.0,1.0,16.0,Split_2,APAC_South
5.0,YTS,48,8,7,14,3,1,9,11,2,Lobby 2,Semifinals,7.0,4.0,14.0,3.0,Split_2,APAC_South
6.0,HAKA,47,6,6,15,0,7,7,7,3,Lobby 2,Semifinals,2.0,7.0,9.0,3.0,Split_2,APAC_South
7.0,Lowkey,45,10,1,4,7,12,0,1,6,Lobby 2,Semifinals,4.0,3.0,15.0,2.0,Split_2,APAC_South
8.0,ZeroTwo,40,4,6,8,4,19,0,4,2,Lobby 2,Semifinals,3.0,7.0,10.0,0.0,Split_2,APAC_South
9.0,FW,38,5,3,10,0,5,5,5,0,Lobby 2,Semifinals,10.0,3.0,3.0,4.0,Split_2,APAC_South
10.0,OGL,35,1,7,11,0,4,0,9,1,Lobby 2,Semifinals,11.0,0.0,5.0,2.0,Split_2,APAC_South
11.0,BLANK,29,15,0,16,0,2,11,8,2,Lobby 2,Semifinals,9.0,0.0,8.0,0.0,Split_2,APAC_South
12.0,Sanity,28,3,3,3,4,17,0,15,1,Lobby 2,Semifinals,19.0,0.0,4.0,0.0,Split_2,APAC_South
13.0,GBR,26,2,9,13,0,14,0,14,1,Lobby 2,Semifinals,17.0,0.0,7.0,1.0,Split_2,APAC_South
14.0,NOPLAY2,22,7,4,6,5,9,0,16,1,Lobby 2,Semifinals,6.0,1.0,17.0,0.0,Split_2,APAC_South
15.0,PUGI,13,18,3,19,0,3,0,18,2,Lobby 2,Semifinals,15.0,0.0,18.0,0.0,Split_2,APAC_South
16.0,KMF,11,13,0,5,1,13,0,12,0,Lobby 2,Semifinals,14.0,1.0,11.0,0.0,Split_2,APAC_South
17.0,Monkey Predator,10,16,0,7,0,8,2,17,0,Lobby 2,Semifinals,16.0,0.0,12.0,2.0,Split_2,APAC_South
18.0,Juiced,9,11,1,9,2,15,0,19,0,Lobby 2,Semifinals,12.0,0.0,16.0,1.0,Split_2,APAC_South
19.0,Speed,5,9,1,17,0,16,0,10,0,Lobby 2,Semifinals,18.0,0.0,20.0,0.0,Split_2,APAC_South
20.0,HKUF,0,20,0,20,0,20,0,20,0,Lobby 2,Semifinals,20.0,0.0,20.0,0.0,Split_2,APAC_South
1.0,AVG,89,6,4,18,0,2,11,1,11,Lobby 1,Finals,1.0,7.0,2.0,11.0,Split_2,APAC_South
2.0,YTS,85,4,7,2,10,8,3,3,9,Lobby 1,Finals,4.0,8.0,3.0,13.0,Split_2,APAC_South
3.0,DNZY,74,1,15,3,8,3,2,5,7,Lobby 1,Finals,9.0,6.0,15.0,3.0,Split_2,APAC_South
4.0,ARENA,46,16,1,5,3,1,8,2,2,Lobby 1,Finals,14.0,1.0,9.0,3.0,Split_2,APAC_South
5.0,OGL,39,5,0,4,2,17,0,4,0,Lobby 1,Finals,3.0,0.0,1.0,4.0,Split_2,APAC_South
6.0,Horizon,34,9,4,7,2,7,4,16,0,Lobby 1,Finals,6.0,5.0,10.0,6.0,Split_2,APAC_South
7.0,HAKA,32,13,1,11,4,9,6,19,1,Lobby 1,Finals,2.0,7.0,16.0,0.0,Split_2,APAC_South
8.0,ZeroTwo,30,2,3,9,0,20,0,11,7,Lobby 1,Finals,12.0,6.0,14.0,0.0,Split_2,APAC_South
9.0,JET,26,3,11,20,0,14,0,12,1,Lobby 1,Finals,7.0,2.0,0.0,0.0,Split_2,APAC_South
10.0,MIX-ONE,26,19,3,10,2,5,2,7,3,Lobby 1,Finals,10.0,0.0,5.0,1.0,Split_2,APAC_South
11.0,N-M,25,20,0,6,3,6,5,9,6,Lobby 1,Finals,19.0,3.0,19.0,0.0,Split_2,APAC_South
12.0,MWB,25,15,0,1,5,18,0,13,0,Lobby 1,Finals,11.0,0.0,7.0,2.0,Split_2,APAC_South
13.0,Systematic,24,14,0,13,3,19,0,10,7,Lobby 1,Finals,5.0,2.0,13.0,3.0,Split_2,APAC_South
14.0,Bots,22,12,2,17,4,10,4,20,0,Lobby 1,Finals,15.0,3.0,8.0,3.0,Split_2,APAC_South
15.0,PBY,21,7,6,19,0,12,4,15,1,Lobby 1,Finals,13.0,2.0,18.0,2.0,Split_2,APAC_South
16.0,Phantom,17,8,0,8,5,13,0,17,0,Lobby 1,Finals,18.0,0.0,4.0,2.0,Split_2,APAC_South
17.0,CHILL,16,11,0,16,0,16,1,14,2,Lobby 1,Finals,8.0,3.0,6.0,3.0,Split_2,APAC_South
18.0,Lowkey,12,17,0,14,1,15,2,6,3,Lobby 1,Finals,17.0,0.0,12.0,0.0,Split_2,APAC_South
19.0,FW,12,18,0,12,0,4,5,18,0,Lobby 1,Finals,16.0,0.0,11.0,0.0,Split_2,APAC_South
20.0,BIGG,9,10,0,15,3,11,0,8,0,Lobby 1,Finals,20.0,0.0,17.0,0.0,Split_2,APAC_South
