Standing,Team,Total,P,K,P.1,K.1,P.2,K.2,P.3,K.3,Lobby,Round,P.4,K.4,P.5,K.5,Region
1,GW,77,1,16,9,12,13,5,1,17,Lobby 1,Quarterfinals,,,,,APAC_North
2,FC Destroy,43,18,3,13,9,6,6,3,14,Lobby 1,Quarterfinals,,,,,APAC_North
3,NOVA,39,12,2,12,0,1,12,2,2,Lobby 1,Quarterfinals,,,,,APAC_North
4,LapiLegends,37,11,1,1,11,3,4,14,0,Lobby 1,Quarterfinals,,,,,APAC_North
5,Japan LFT desu,32,6,1,2,3,4,3,4,3,Lobby 1,Quarterfinals,,,,,APAC_North
6,SYTH,31,13,0,10,6,2,11,12,1,Lobby 1,Quarterfinals,,,,,APAC_North
7,Joel Mark,24,15,3,5,5,20,0,5,7,Lobby 1,Quarterfinals,,,,,APAC_North
8,CJAM,23,2,7,18,0,15,1,7,2,Lobby 1,Quarterfinals,,,,,APAC_North
9,AVA,22,4,7,8,3,12,3,11,0,Lobby 1,Quarterfinals,,,,,APAC_North
10,WGT,22,9,3,3,2,5,0,6,1,Lobby 1,Quarterfinals,,,,,APAC_North
11,sspZ,14,3,2,16,0,8,2,15,0,Lobby 1,Quarterfinals,,,,,APAC_North
12,Dps,13,8,3,4,1,11,0,16,1,Lobby 1,Quarterfinals,,,,,APAC_North
13,NOEL,12,20,0,15,0,10,4,9,3,Lobby 1,Quarterfinals,,,,,APAC_North
14,Creatives,12,5,3,7,2,19,0,19,0,Lobby 1,Quarterfinals,,,,,APAC_North
15,FVS.Exceed,12,7,2,6,1,9,0,18,1,Lobby 1,Quarterfinals,,,,,APAC_North
16,ORB.G,11,10,5,17,0,14,0,8,1,Lobby 1,Quarterfinals,,,,,APAC_North
17,Zelkova,7,19,0,19,0,7,4,20,0,Lobby 1,Quarterfinals,,,,,APAC_North
18,FaTe Diamond,5,17,0,11,0,17,0,17,4,Lobby 1,Quarterfinals,,,,,APAC_North
19,MBT,3,14,0,20,0,16,0,10,0,Lobby 1,Quarterfinals,,,,,APAC_North
20,TensainoGakitati,2,16,0,14,0,18,0,13,0,Lobby 1,Quarterfinals,,,,,APAC_North
1,BKMN,52,3,10,2,7,18,0,1,7,Lobby 2,Quarterfinals,,,,,APAC_North
2,UC,44,19,1,1,12,6,2,2,5,Lobby 2,Quarterfinals,,,,,APAC_North
3,FA Club FUG,38,14,3,5,9,4,8,9,6,Lobby 2,Quarterfinals,,,,,APAC_North
4,LAG,37,1,10,10,5,15,3,11,3,Lobby 2,Quarterfinals,,,,,APAC_North
5,TW,34,15,0,4,1,1,12,16,3,Lobby 2,Quarterfinals,,,,,APAC_North
6,LFT BKGK,28,18,1,16,1,7,4,3,12,Lobby 2,Quarterfinals,,,,,APAC_North
7,D4RK,25,5,3,19,0,5,4,6,7,Lobby 2,Quarterfinals,,,,,APAC_North
8,YaBaL,23,13,1,8,7,11,5,7,3,Lobby 2,Quarterfinals,,,,,APAC_North
9,IBSG,23,4,3,20,0,3,7,20,1,Lobby 2,Quarterfinals,,,,,APAC_North
10,HE,22,17,1,12,1,2,8,10,0,Lobby 2,Quarterfinals,,,,,APAC_North
11,NBG,22,2,4,7,3,13,0,8,0,Lobby 2,Quarterfinals,,,,,APAC_North
12,ARZ,21,6,8,17,0,10,2,4,1,Lobby 2,Quarterfinals,,,,,APAC_North
13,Rebellio,16,8,2,6,4,20,0,5,1,Lobby 2,Quarterfinals,,,,,APAC_North
14,BEXT,14,7,2,11,0,14,0,12,6,Lobby 2,Quarterfinals,,,,,APAC_North
15,APXRS,11,11,3,14,2,16,0,15,3,Lobby 2,Quarterfinals,,,,,APAC_North
16,TVN,10,10,2,18,0,8,3,14,0,Lobby 2,Quarterfinals,,,,,APAC_North
17,EniGma,9,16,0,3,1,12,0,17,0,Lobby 2,Quarterfinals,,,,,APAC_North
18,Next,8,12,3,9,2,17,0,18,0,Lobby 2,Quarterfinals,,,,,APAC_North
19,Core,7,6,0,20,0,9,1,13,0,Lobby 2,Quarterfinals,,,,,APAC_North
20,SyS,2,20,0,9,0,19,0,19,0,Lobby 2,Quarterfinals,,,,,APAC_North
1,Jamboree,79,2,12,2,21,9,3,1,11,Lobby 3,Quarterfinals,,,,,APAC_North
2,Lunatics,43,9,1,3,12,8,3,4,11,Lobby 3,Quarterfinals,,,,,APAC_North
3,DCN,40,1,11,4,1,10,1,6,5,Lobby 3,Quarterfinals,,,,,APAC_North
4,Ace1,32,17,3,9,6,3,8,10,4,Lobby 3,Quarterfinals,,,,,APAC_North
5,QueenSquadRoyal,30,13,0,14,0,1,13,15,2,Lobby 3,Quarterfinals,,,,,APAC_North
6,LandMarkGondola,28,12,0,7,4,11,3,2,7,Lobby 3,Quarterfinals,,,,,APAC_North
7,NANB,26,3,6,1,1,18,0,20,0,Lobby 3,Quarterfinals,,,,,APAC_North
8,InTheSky,23,4,12,6,2,14,0,18,0,Lobby 3,Quarterfinals,,,,,APAC_North
9,MRB,21,15,0,15,0,2,9,14,0,Lobby 3,Quarterfinals,,,,,APAC_North
10,KaisenDONDON,20,5,2,11,0,12,2,3,3,Lobby 3,Quarterfinals,,,,,APAC_North
11,NFM,14,6,5,16,0,19,0,13,5,Lobby 3,Quarterfinals,,,,,APAC_North
12,Yoropikumin,13,20,0,20,0,5,8,12,0,Lobby 3,Quarterfinals,,,,,APAC_North
13,Luna Llena,13,10,2,17,0,4,0,7,1,Lobby 3,Quarterfinals,,,,,APAC_North
14,MiJP,12,18,0,5,5,15,0,11,1,Lobby 3,Quarterfinals,,,,,APAC_North
15,BeastMode,11,8,3,13,0,17,0,5,1,Lobby 3,Quarterfinals,,,,,APAC_North
16,Fujii Gaming,10,7,0,12,3,13,2,19,0,Lobby 3,Quarterfinals,,,,,APAC_North
17,NAT,10,16,0,10,1,7,2,8,0,Lobby 3,Quarterfinals,,,,,APAC_North
18,EB,7,11,0,18,0,6,3,16,0,Lobby 3,Quarterfinals,,,,,APAC_North
19,WYV,5,14,0,8,0,16,0,9,0,Lobby 3,Quarterfinals,,,,,APAC_North
20,SAEKO,3,19,0,19,0,20,0,17,3,Lobby 3,Quarterfinals,,,,,APAC_North
1,456,59,3,2,3,6,4,13,1,7,Lobby 4,Quarterfinals,,,,,APAC_North
2,EXiA KR,52,6,3,19,3,2,9,3,18,Lobby 4,Quarterfinals,,,,,APAC_North
3,Marine,51,1,13,1,10,13,2,16,1,Lobby 4,Quarterfinals,,,,,APAC_North
4,Black,36,10,2,5,8,3,6,9,5,Lobby 4,Quarterfinals,,,,,APAC_North
5,TSURUGI,34,2,7,2,2,5,2,18,1,Lobby 4,Quarterfinals,,,,,APAC_North
6,ORC,29,17,0,7,4,20,0,2,13,Lobby 4,Quarterfinals,,,,,APAC_North
7,RPG,26,5,4,4,4,6,2,10,2,Lobby 4,Quarterfinals,,,,,APAC_North
8,ARK5,23,16,0,6,1,1,6,11,0,Lobby 4,Quarterfinals,,,,,APAC_North
9,GODOsushiTabetai,18,7,4,13,0,15,1,5,4,Lobby 4,Quarterfinals,,,,,APAC_North
10,RDO,18,11,3,10,2,8,1,4,2,Lobby 4,Quarterfinals,,,,,APAC_North
11,R.AtR,17,14,7,17,1,12,1,7,3,Lobby 4,Quarterfinals,,,,,APAC_North
12,NrTv.Vs,17,4,2,11,2,9,3,8,0,Lobby 4,Quarterfinals,,,,,APAC_North
13,C-VA KAG,13,15,0,9,4,11,4,13,0,Lobby 4,Quarterfinals,,,,,APAC_North
14,Kingdom,11,9,3,8,2,16,1,12,0,Lobby 4,Quarterfinals,,,,,APAC_North
15,Crest,10,8,3,15,0,7,1,19,0,Lobby 4,Quarterfinals,,,,,APAC_North
16,Welfare,9,13,0,16,2,18,0,6,3,Lobby 4,Quarterfinals,,,,,APAC_North
17,CPGaming,6,12,1,20,0,19,3,14,0,Lobby 4,Quarterfinals,,,,,APAC_North
18,MZB,5,19,0,12,2,10,0,20,0,Lobby 4,Quarterfinals,,,,,APAC_North
19,Zenith,4,20,0,14,3,17,0,17,0,Lobby 4,Quarterfinals,,,,,APAC_North
20,monkey,2,18,0,18,0,14,0,15,0,Lobby 4,Quarterfinals,,,,,APAC_North
1,LFT BKGK,79,14,0,1,14,12,3,1,6,Lobby 1,Semifinals,20,0,1,18,APAC_North
2,FC Destroy,59,2,5,12,9,9,14,6,5,Lobby 1,Semifinals,15,3,5,3,APAC_North
3,CJAM,54,12,0,2,4,2,4,4,8,Lobby 1,Semifinals,3,7,19,0,APAC_North
4,BKMN,47,13,2,3,4,3,5,3,7,Lobby 1,Semifinals,4,2,20,0,APAC_North
5,IBSG,44,8,7,7,2,8,0,5,3,Lobby 1,Semifinals,1,8,12,0,APAC_North
6,AVA,43,6,0,16,0,5,3,2,9,Lobby 1,Semifinals,6,4,4,3,APAC_North
7,GW,39,1,14,10,4,17,0,14,1,Lobby 1,Semifinals,16,4,16,1,APAC_North
8,D4RK,37,18,0,17,2,10,1,18,1,Lobby 1,Semifinals,2,4,3,11,APAC_North
9,SYTH,36,4,8,8,2,20,0,10,4,Lobby 1,Semifinals,9,5,6,3,APAC_North
10,HE,35,11,1,4,3,1,9,17,1,Lobby 1,Semifinals,10,1,18,0,APAC_North
11,LAG,32,5,3,14,4,18,0,16,3,Lobby 1,Semifinals,5,3,2,1,APAC_North
12,TW,26,3,8,11,3,13,3,19,0,Lobby 1,Semifinals,19,0,9,1,APAC_North
13,Joel Mark,26,16,0,5,3,4,6,20,0,Lobby 1,Semifinals,12,2,10,3,APAC_North
14,NOVA,23,10,2,6,4,16,0,8,0,Lobby 1,Semifinals,17,5,8,3,APAC_North
15,WGT,18,20,0,19,0,14,0,9,6,Lobby 1,Semifinals,7,0,7,3,APAC_North
16,LapiLegends,17,15,3,13,0,7,4,11,0,Lobby 1,Semifinals,14,3,17,0,APAC_North
17,Japan LFT desu,15,7,1,9,0,15,0,7,2,Lobby 1,Semifinals,8,0,13,0,APAC_North
18,UC,13,19,0,18,0,6,2,13,0,Lobby 1,Semifinals,11,4,14,1,APAC_North
19,FA Club FUG,11,17,0,20,0,19,0,12,4,Lobby 1,Semifinals,13,1,11,3,APAC_North
20,YaBaL,11,9,1,15,0,11,3,15,0,Lobby 1,Semifinals,18,0,15,1,APAC_North
1,Lunatics,86,5,10,10,4,7,5,4,23,Lobby 2,Semifinals,12,2,1,15,APAC_North
2,RPG,70,2,4,1,10,4,7,11,0,Lobby 2,Semifinals,1,8,9,0,APAC_North
3,Marine,62,4,11,9,3,5,7,1,6,Lobby 2,Semifinals,16,4,7,5,APAC_North
4,456,48,1,11,4,5,20,0,3,5,Lobby 2,Semifinals,19,1,18,2,APAC_North
5,GODOsushiTabetai,47,7,2,14,1,8,4,13,0,Lobby 2,Semifinals,2,14,6,7,APAC_North
6,Black,47,12,0,7,3,1,14,15,1,Lobby 2,Semifinals,4,3,8,2,APAC_North
7,ARK5,44,13,3,6,1,18,0,2,2,Lobby 2,Semifinals,5,6,2,6,APAC_North
8,LandMarkGondola,35,10,1,12,1,17,0,5,3,Lobby 2,Semifinals,9,5,3,9,APAC_North
9,Jamboree,31,17,1,2,7,14,3,14,6,Lobby 2,Semifinals,18,1,10,0,APAC_North
10,KaisenDONDON,30,3,6,18,0,2,5,18,1,Lobby 2,Semifinals,20,0,13,1,APAC_North
11,ORC,26,20,0,19,0,3,5,7,3,Lobby 2,Semifinals,10,2,5,0,APAC_North
12,Ace1,24,8,2,8,2,9,1,12,0,Lobby 2,Semifinals,3,4,14,0,APAC_North
13,RDO,22,19,0,3,4,12,1,9,3,Lobby 2,Semifinals,13,1,12,1,APAC_North
14,TSURUGI,20,6,1,5,6,10,0,20,0,Lobby 2,Semifinals,6,0,15,0,APAC_North
15,EXiA KR,18,15,5,16,3,16,1,6,2,Lobby 2,Semifinals,15,2,20,0,APAC_North
16,NANB,14,16,0,13,8,13,0,8,0,Lobby 2,Semifinals,11,1,16,0,APAC_North
17,InTheSky,13,18,0,15,0,19,0,17,0,Lobby 2,Semifinals,17,0,4,7,APAC_North
18,QueenSquadRoyal,13,11,0,11,0,15,2,10,1,Lobby 2,Semifinals,7,1,19,1,APAC_North
19,DCN,11,9,0,20,0,6,0,16,1,Lobby 2,Semifinals,8,0,11,2,APAC_North
20,MRB,10,14,0,17,0,11,1,19,0,Lobby 2,Semifinals,14,4,17,2,APAC_North
1,CJAM,67,1,13,4,7,18,0,2,4,Lobby 1,Finals,11,1,2,6,APAC_North
2,D4RK,59,11,0,9,1,1,11,8,3,Lobby 1,Finals,6,3,1,9,APAC_North
3,LFT BKGK,53,4,3,12,6,8,3,5,11,Lobby 1,Finals,7,3,3,5,APAC_North
4,Lunatics,50,10,4,11,8,3,5,3,5,Lobby 1,Finals,8,3,7,3,APAC_North
5,GODOsushiTabetai,42,2,3,1,7,14,2,14,3,Lobby 1,Finals,16,0,5,0,APAC_North
6,GW,41,14,2,2,6,5,1,6,2,Lobby 1,Finals,14,2,6,7,APAC_North
7,KaisenDONDON,35,5,4,6,1,12,2,11,0,Lobby 1,Finals,5,3,4,7,APAC_North
8,IBSG,35,3,9,8,1,9,1,20,0,Lobby 1,Finals,2,4,17,0,APAC_North
9,Marine,34,15,2,17,0,6,5,10,0,Lobby 1,Finals,1,8,12,0,APAC_North
10,Black,33,16,3,10,0,16,3,1,11,Lobby 1,Finals,17,0,10,0,APAC_North
11,AVA,33,8,0,15,0,10,4,4,3,Lobby 1,Finals,3,5,14,3,APAC_North
12,RPG,31,12,0,3,7,4,8,18,1,Lobby 1,Finals,19,0,8,0,APAC_North
13,FC Destroy,26,19,4,16,3,7,7,9,4,Lobby 1,Finals,18,0,18,3,APAC_North
14,456,26,9,1,13,1,19,0,16,5,Lobby 1,Finals,10,9,13,4,APAC_North
15,LandMarkGondola,26,20,0,19,0,2,4,13,4,Lobby 1,Finals,9,1,9,3,APAC_North
16,BKMN,23,13,0,7,4,17,0,7,0,Lobby 1,Finals,4,7,16,0,APAC_North
17,ARK5,21,7,9,18,0,15,1,12,2,Lobby 1,Finals,12,2,15,0,APAC_North
18,HE,21,6,1,14,2,11,2,17,0,Lobby 1,Finals,15,2,11,7,APAC_North
19,SYTH,10,17,0,5,3,13,1,15,0,Lobby 1,Finals,20,0,20,0,APAC_North
20,Jamboree,6,18,0,20,0,20,0,19,0,Lobby 1,Finals,13,5,19,0,APAC_North
1,GS,69,17,1,4,14,16,0,1,15,Lobby 1,Semifinals,4,11,13,5,APAC_South
2,April,62,4,4,7,3,2,13,9,0,Lobby 1,Semifinals,1,7,12,3,APAC_South
3,RL.XV,54,13,6,12,5,15,3,3,5,Lobby 1,Semifinals,18,1,1,12,APAC_South
4,PWLS,51,8,3,1,5,1,8,7,1,Lobby 1,Semifinals,5,0,15,0,APAC_South
5,WHIZ,44,2,5,3,8,8,8,17,4,Lobby 1,Semifinals,12,0,18,0,APAC_South
6,SNG,43,6,7,10,9,10,0,10,0,Lobby 1,Semifinals,7,3,4,7,APAC_South
7,Pavlova,43,3,5,2,1,4,5,12,3,Lobby 1,Semifinals,11,3,10,1,APAC_South
8,INF,39,5,0,13,0,7,6,4,7,Lobby 1,Semifinals,13,0,3,5,APAC_South
9,Dimple Esport,38,1,8,19,0,13,0,16,0,Lobby 1,Semifinals,3,7,9,1,APAC_South
10,Estrell,34,7,1,20,0,9,0,2,11,Lobby 1,Semifinals,10,0,5,2,APAC_South
11,uwuXuwu,34,10,2,5,3,3,9,5,1,Lobby 1,Semifinals,9,0,16,0,APAC_South
12,WAT,29,12,4,11,0,18,0,14,0,Lobby 1,Semifinals,8,4,2,7,APAC_South
13,RNG,26,20,0,6,2,14,1,15,0,Lobby 1,Semifinals,2,5,11,3,APAC_South
14,AFxRP Skyrise,18,15,2,17,0,5,2,8,4,Lobby 1,Semifinals,16,0,7,0,APAC_South
15,RebellioN,17,11,0,14,3,12,0,11,0,Lobby 1,Semifinals,6,0,6,4,APAC_South
16,EVO.Supreme,13,14,0,9,0,19,0,19,1,Lobby 1,Semifinals,15,7,14,0,APAC_South
17,DREAM,11,9,4,15,0,17,3,18,1,Lobby 1,Semifinals,20,0,20,0,APAC_South
18,IFPD,10,16,0,16,0,6,1,6,3,Lobby 1,Semifinals,19,0,17,0,APAC_South
19,hello nihao,5,18,0,18,0,20,0,20,0,Lobby 1,Semifinals,14,0,8,2,APAC_South
20,Incorporated,4,19,0,8,0,11,0,13,0,Lobby 1,Semifinals,17,0,20,0,APAC_South
1,O3,92,4,10,1,16,11,3,1,14,Lobby 2,Semifinals,2,1,12,8,APAC_South
2,TX,45,13,12,18,0,16,5,12,3,Lobby 2,Semifinals,15,3,1,7,APAC_South
3,PG,45,12,2,12,1,9,10,2,4,Lobby 2,Semifinals,11,1,4,8,APAC_South
4,RL.Genesis,44,2,10,15,1,4,3,4,4,Lobby 2,Semifinals,9,2,8,0,APAC_South
5,WGGxPK,42,17,0,2,4,1,8,19,0,Lobby 2,Semifinals,5,5,17,0,APAC_South
6,On the Sticks,39,1,8,17,0,15,1,15,3,Lobby 2,Semifinals,7,3,7,4,APAC_South
7,EVO BERZ,39,8,0,16,0,6,1,3,4,Lobby 2,Semifinals,1,8,9,0,APAC_South
8,WGG,37,20,0,9,14,20,0,6,1,Lobby 2,Semifinals,3,10,20,0,APAC_South
9,Antiaa,37,11,1,8,0,3,7,11,0,Lobby 2,Semifinals,8,6,2,1,APAC_South
10,MBTN,36,19,3,20,1,2,9,18,1,Lobby 2,Semifinals,20,0,5,9,APAC_South
11,iON,31,7,3,10,0,7,0,10,0,Lobby 2,Semifinals,10,0,3,9,APAC_South
12,NonetWork,27,5,2,3,3,12,1,13,6,Lobby 2,Semifinals,12,0,11,0,APAC_South
13,South Cartel,26,15,0,5,4,5,3,9,2,Lobby 2,Semifinals,13,2,15,2,APAC_South
14,InfernoDSC,25,10,2,13,3,8,0,17,1,Lobby 2,Semifinals,6,7,10,2,APAC_South
15,AMG TW,25,6,0,4,4,14,3,8,3,Lobby 2,Semifinals,19,1,16,3,APAC_South
16,HeadHunters,24,18,0,11,5,13,0,5,6,Lobby 2,Semifinals,4,2,18,0,APAC_South
17,DYN,21,3,1,7,2,10,0,14,0,Lobby 2,Semifinals,16,0,6,2,APAC_South
18,LittleMeow,13,9,0,14,1,19,0,7,0,Lobby 2,Semifinals,14,2,13,2,APAC_South
19,Hardstuck D4,10,14,0,6,0,17,0,16,3,Lobby 2,Semifinals,18,2,14,0,APAC_South
20,QE.NY,1,16,1,19,0,18,0,20,0,Lobby 2,Semifinals,17,0,19,0,APAC_South
1,O3,67,6,4,6,9,13,6,11,3,Lobby 1,Finals,1,8,3,10,APAC_South
2,TX,66,11,3,3,6,4,5,2,12,Lobby 1,Finals,4,11,14,1,APAC_South
3,GS,66,15,0,12,8,8,11,10,4,Lobby 1,Finals,2,9,7,16,APAC_South
4,EVO BERZ,49,13,0,10,2,1,12,1,6,Lobby 1,Finals,19,0,9,0,APAC_South
5,SNG,45,2,6,2,4,11,0,8,3,Lobby 1,Finals,8,2,6,4,APAC_South
6,PWLS,44,19,0,4,9,17,0,9,6,Lobby 1,Finals,16,0,1,10,APAC_South
7,Estrell,41,1,11,11,0,15,1,6,0,Lobby 1,Finals,3,5,19,0,APAC_South
8,RL.XV,36,3,1,8,0,10,2,3,7,Lobby 1,Finals,6,4,15,0,APAC_South
9,Pavlova,33,4,2,1,4,9,0,13,2,Lobby 1,Finals,14,0,11,3,APAC_South
10,INF,29,14,0,13,2,2,5,7,0,Lobby 1,Finals,9,2,12,3,APAC_South
11,On the Sticks,28,10,3,5,1,6,7,5,1,Lobby 1,Finals,11,2,17,0,APAC_South
12,April,26,17,3,7,2,5,3,15,0,Lobby 1,Finals,5,3,13,2,APAC_South
13,WGGxPK,23,12,3,14,4,16,0,4,3,Lobby 1,Finals,17,0,4,1,APAC_South
14,RL.Genesis,23,9,3,18,0,7,0,19,0,Lobby 1,Finals,10,1,2,3,APAC_South
15,WGG,22,5,12,9,2,19,1,17,0,Lobby 1,Finals,18,1,18,0,APAC_South
16,MBTN,18,16,0,17,0,3,4,18,0,Lobby 1,Finals,15,3,16,3,APAC_South
17,Antiaa,13,8,0,15,0,18,0,12,3,Lobby 1,Finals,12,1,5,0,APAC_South
18,WHIZ,11,18,0,16,0,14,0,14,2,Lobby 1,Finals,7,2,8,0,APAC_South
19,PG,8,7,1,19,0,12,0,16,0,Lobby 1,Finals,13,0,10,0,APAC_South
20,Dimple Esport,0,0,0,0,0,0,0,0,0,Lobby 1,Finals,0,0,0,0,APAC_South
1,BCG,80,1,13,5,10,1,9,1,8,Lobby 1,Round_2,,,,,EMEA
2,GIGI,62,18,1,16,0,4,25,2,22,Lobby 1,Round_2,,,,,EMEA
3,SMS,56,5,6,2,14,2,9,12,4,Lobby 1,Round_2,,,,,EMEA
4,AAS,36,12,3,1,7,3,0,6,3,Lobby 1,Round_2,,,,,EMEA
5,bykva U,23,4,7,8,6,18,0,10,1,Lobby 1,Round_2,,,,,EMEA
6,WhyUs,22,3,5,6,2,16,0,8,3,Lobby 1,Round_2,,,,,EMEA
7,AP,22,2,4,7,1,15,1,9,1,Lobby 1,Round_2,,,,,EMEA
8,Wisps,20,10,4,10,3,9,3,5,0,Lobby 1,Round_2,,,,,EMEA
9,NoWayFzB,18,6,0,4,2,8,2,13,3,Lobby 1,Round_2,,,,,EMEA
10,RNGBless,18,9,4,17,0,10,1,3,2,Lobby 1,Round_2,,,,,EMEA
11,Excellent Era,18,7,0,3,1,7,0,7,1,Lobby 1,Round_2,,,,,EMEA
12,MOB INT,15,15,1,11,2,14,0,4,4,Lobby 1,Round_2,,,,,EMEA
13,Exalty,14,8,10,13,0,19,0,15,0,Lobby 1,Round_2,,,,,EMEA
14,LegitGoats,12,13,0,14,6,6,1,19,0,Lobby 1,Round_2,,,,,EMEA
15,SeXy Chonks,12,17,0,9,1,5,3,14,1,Lobby 1,Round_2,,,,,EMEA
16,HEROES ESPORT,4,20,0,19,0,12,3,16,0,Lobby 1,Round_2,,,,,EMEA
17,Royal Mooses,4,19,0,20,0,13,0,11,2,Lobby 1,Round_2,,,,,EMEA
18,MantaX,3,16,0,12,0,17,1,17,1,Lobby 1,Round_2,,,,,EMEA
19,7Hologram,3,11,0,15,0,11,0,18,0,Lobby 1,Round_2,,,,,EMEA
20,Reapers of death,1,14,0,18,0,20,0,20,0,Lobby 1,Round_2,,,,,EMEA
1,MP,73,14,0,1,14,1,27,9,5,Lobby 2,Round_2,,,,,EMEA
2,NoFear,45,2,10,6,8,4,3,7,4,Lobby 2,Round_2,,,,,EMEA
3,SPIRAL,42,1,11,3,7,6,1,11,0,Lobby 2,Round_2,,,,,EMEA
4,UTFT,39,13,1,7,4,3,2,1,9,Lobby 2,Round_2,,,,,EMEA
5,Hope Die Last,35,5,5,13,0,2,4,4,7,Lobby 2,Round_2,,,,,EMEA
6,FV,31,6,3,8,9,13,5,3,1,Lobby 2,Round_2,,,,,EMEA
7,Proxima,27,8,6,5,3,5,5,12,2,Lobby 2,Round_2,,,,,EMEA
8,Uchinix,22,12,11,15,3,16,0,6,3,Lobby 2,Round_2,,,,,EMEA
9,ORCL,21,3,5,18,0,7,1,10,3,Lobby 2,Round_2,,,,,EMEA
10,AUS,16,11,0,19,0,20,0,2,6,Lobby 2,Round_2,,,,,EMEA
11,ConsoleGamers,16,4,2,9,1,8,2,13,1,Lobby 2,Round_2,,,,,EMEA
12,Kamisato,15,15,0,15,0,11,4,8,6,Lobby 2,Round_2,,,,,EMEA
13,superdumplings,14,19,0,2,3,10,0,16,0,Lobby 2,Round_2,,,,,EMEA
14,Black PENTA,12,7,1,10,3,12,1,14,0,Lobby 2,Round_2,,,,,EMEA
15,PDPivas,12,10,0,14,2,17,0,5,3,Lobby 2,Round_2,,,,,EMEA
16,ZEBI,10,9,0,4,1,15,0,15,0,Lobby 2,Round_2,,,,,EMEA
17,Young Squad,8,17,0,12,0,14,0,17,6,Lobby 2,Round_2,,,,,EMEA
18,Gang FDD,3,20,0,17,0,9,0,20,1,Lobby 2,Round_2,,,,,EMEA
19,weebs,1,16,0,11,0,19,0,19,0,Lobby 2,Round_2,,,,,EMEA
20,Minor Keepers,0,18,0,20,0,18,0,18,0,Lobby 2,Round_2,,,,,EMEA
1,DM,57,1,16,6,3,5,5,3,7,Lobby 3,Round_2,,,,,EMEA
2,BGR,51,18,0,3,10,1,5,1,5,Lobby 3,Round_2,,,,,EMEA
3,WLS,43,16,1,1,6,3,8,6,6,Lobby 3,Round_2,,,,,EMEA
4,TD,40,2,2,13,0,4,7,2,7,Lobby 3,Round_2,,,,,EMEA
5,NotoriousFamily,35,15,0,2,7,7,3,4,7,Lobby 3,Round_2,,,,,EMEA
6,6bnt,32,6,4,5,0,2,4,5,4,Lobby 3,Round_2,,,,,EMEA
7,TRIHARD,31,5,9,4,6,14,5,14,0,Lobby 3,Round_2,,,,,EMEA
8,edit,22,10,9,11,3,12,1,10,3,Lobby 3,Round_2,,,,,EMEA
9,Reakless,22,3,7,9,5,13,0,17,0,Lobby 3,Round_2,,,,,EMEA
10,Weebs Out,18,8,1,14,0,19,4,8,8,Lobby 3,Round_2,,,,,EMEA
11,Justthreeplayers,13,17,3,7,1,10,3,15,0,Lobby 3,Round_2,,,,,EMEA
12,DASK,13,12,0,8,3,9,1,7,1,Lobby 3,Round_2,,,,,EMEA
13,24K,12,7,2,10,0,16,0,11,4,Lobby 3,Round_2,,,,,EMEA
14,iEnvy,10,13,0,16,0,8,6,13,0,Lobby 3,Round_2,,,,,EMEA
15,CHOC,9,9,2,20,1,18,1,18,3,Lobby 3,Round_2,,,,,EMEA
16,Team SiMo,9,4,1,18,0,11,0,9,0,Lobby 3,Round_2,,,,,EMEA
17,VALUE TEAM,8,20,0,19,0,6,5,19,0,Lobby 3,Round_2,,,,,EMEA
18,First in Battle,8,11,0,12,4,15,0,12,0,Lobby 3,Round_2,,,,,EMEA
19,White Clover,4,14,2,15,0,17,0,20,0,Lobby 3,Round_2,,,,,EMEA
20,BountyHunterGG,1,19,0,17,0,20,0,16,1,Lobby 3,Round_2,,,,,EMEA
1,LegionF,47,1,16,3,7,17,0,5,1,Lobby 4,Round_2,,,,,EMEA
2,ETH,46,3,5,1,7,3,4,7,1,Lobby 4,Round_2,,,,,EMEA
3,3turrets1brain,44,17,0,15,3,1,14,3,7,Lobby 4,Round_2,,,,,EMEA
4,KOMANDA A,39,6,1,13,0,4,4,1,13,Lobby 4,Round_2,,,,,EMEA
5,Pepegi,37,13,9,5,8,10,6,10,5,Lobby 4,Round_2,,,,,EMEA
6,LGN,36,7,3,12,5,2,9,9,4,Lobby 4,Round_2,,,,,EMEA
7,GVG,29,10,0,2,7,14,0,2,1,Lobby 4,Round_2,,,,,EMEA
8,PXL,25,8,2,7,5,11,3,4,4,Lobby 4,Round_2,,,,,EMEA
9,PauseChamps,22,4,6,9,3,15,0,8,3,Lobby 4,Round_2,,,,,EMEA
10,Mat For Victory,19,2,5,16,0,9,0,11,2,Lobby 4,Round_2,,,,,EMEA
11,ARIS,16,5,3,10,0,5,3,17,0,Lobby 4,Round_2,,,,,EMEA
12,Crying our best,14,16,0,6,0,8,5,12,3,Lobby 4,Round_2,,,,,EMEA
13,PunX,14,11,0,8,4,7,1,6,0,Lobby 4,Round_2,,,,,EMEA
14,Senshi,11,20,0,4,2,12,1,16,2,Lobby 4,Round_2,,,,,EMEA
15,no team name,7,12,0,18,0,13,4,15,0,Lobby 4,Round_2,,,,,EMEA
16,KJT,6,18,0,11,0,18,0,14,4,Lobby 4,Round_2,,,,,EMEA
17,WARM Esport,6,9,1,17,0,6,0,18,0,Lobby 4,Round_2,,,,,EMEA
18,EFG,2,14,0,14,0,16,0,20,0,Lobby 4,Round_2,,,,,EMEA
19,Apex Who Dis,1,15,0,20,0,20,0,20,0,Lobby 4,Round_2,,,,,EMEA
20,Xaler,1,19,0,19,0,19,0,13,0,Lobby 4,Round_2,,,,,EMEA
1,K1CK,70,1,7,1,12,5,7,3,9,Lobby 5,Round_2,,,,,EMEA
2,KIMADAZ,43,12,1,12,0,3,10,1,11,Lobby 5,Round_2,,,,,EMEA
3,Sxercise,37,17,0,6,1,1,6,2,6,Lobby 5,Round_2,,,,,EMEA
4,Plombralicious,36,4,9,4,10,9,1,8,2,Lobby 5,Round_2,,,,,EMEA
5,PRSTS,34,13,5,3,3,4,6,6,4,Lobby 5,Round_2,,,,,EMEA
6,SCTA,31,14,4,2,6,6,1,4,2,Lobby 5,Round_2,,,,,EMEA
7,SCBS,28,2,5,10,3,7,2,7,1,Lobby 5,Round_2,,,,,EMEA
8,CHI,19,5,1,5,4,12,3,10,0,Lobby 5,Round_2,,,,,EMEA
9,RAT,18,3,2,11,6,15,0,12,0,Lobby 5,Round_2,,,,,EMEA
10,Controller City,18,10,0,9,0,2,5,17,0,Lobby 5,Round_2,,,,,EMEA
11,Ragshack Bangers,16,8,6,8,0,11,0,13,4,Lobby 5,Round_2,,,,,EMEA
12,Beams Only,16,9,3,7,0,16,0,5,4,Lobby 5,Round_2,,,,,EMEA
13,Explosion,14,6,6,14,2,14,0,11,0,Lobby 5,Round_2,,,,,EMEA
14,Nooobix,12,19,0,16,3,8,5,15,1,Lobby 5,Round_2,,,,,EMEA
15,ThatsaYouProblem,11,15,3,15,1,17,0,9,3,Lobby 5,Round_2,,,,,EMEA
16,SPL,11,7,2,17,0,10,1,14,2,Lobby 5,Round_2,,,,,EMEA
17,GOD,10,11,1,13,3,13,0,16,3,Lobby 5,Round_2,,,,,EMEA
18,Exiled,0,16,0,20,0,20,0,20,0,Lobby 5,Round_2,,,,,EMEA
19,SUETA,0,18,0,18,0,20,0,20,0,Lobby 5,Round_2,,,,,EMEA
20,fifth grader,0,20,0,20,0,20,0,20,0,Lobby 5,Round_2,,,,,EMEA
1,DI,64,11,6,3,11,2,10,3,13,Lobby 6,Round_2,,,,,EMEA
2,69IQ,50,1,17,13,4,7,7,8,4,Lobby 6,Round_2,,,,,EMEA
3,uwuowoboys,42,6,0,1,9,4,5,4,3,Lobby 6,Round_2,,,,,EMEA
4,TREX,40,19,0,7,6,3,5,1,7,Lobby 6,Round_2,,,,,EMEA
5,ATK,33,8,2,2,9,5,4,13,2,Lobby 6,Round_2,,,,,EMEA
6,TURKs,30,4,7,15,2,15,3,2,2,Lobby 6,Round_2,,,,,EMEA
7,NoWay XBox,30,10,0,10,0,1,8,7,3,Lobby 6,Round_2,,,,,EMEA
8,Aspirateur,29,2,9,17,0,9,2,10,5,Lobby 6,Round_2,,,,,EMEA
9,NurzethexStyleS,18,3,9,18,1,16,0,15,0,Lobby 6,Round_2,,,,,EMEA
10,Lunar,18,5,3,9,0,12,0,5,4,Lobby 6,Round_2,,,,,EMEA
11,Tweetlonger,17,12,1,11,5,11,2,6,3,Lobby 6,Round_2,,,,,EMEA
12,HNY,14,9,0,4,2,6,1,11,0,Lobby 6,Round_2,,,,,EMEA
13,Illuminary FTW,13,7,2,5,0,13,0,9,1,Lobby 6,Round_2,,,,,EMEA
14,HLDC,9,16,2,8,0,10,3,16,0,Lobby 6,Round_2,,,,,EMEA
15,Peak Performerz,6,17,0,14,2,8,1,17,0,Lobby 6,Round_2,,,,,EMEA
16,LPm,6,13,0,12,0,14,0,12,2,Lobby 6,Round_2,,,,,EMEA
17,Carnage,6,15,0,6,1,17,0,14,0,Lobby 6,Round_2,,,,,EMEA
18,TRIADA,1,14,0,20,0,20,0,20,0,Lobby 6,Round_2,,,,,EMEA
19,BlueCheeseGaming,0,18,0,16,0,20,0,20,0,Lobby 6,Round_2,,,,,EMEA
20,TRS Clan,0,20,0,20,0,20,0,20,0,Lobby 6,Round_2,,,,,EMEA
1,Sheriffs,72,5,6,1,17,12,6,1,14,Lobby 7,Round_2,,,,,EMEA
2,Team Volpid,62,3,14,2,7,2,7,4,4,Lobby 7,Round_2,,,,,EMEA
3,RD,43,1,7,15,2,9,11,13,7,Lobby 7,Round_2,,,,,EMEA
4,signelunaire,28,7,0,3,6,10,4,6,3,Lobby 7,Round_2,,,,,EMEA
5,Enoughandmore,27,8,1,6,0,1,8,11,0,Lobby 7,Round_2,,,,,EMEA
6,Kvasna,25,17,1,11,1,11,3,2,9,Lobby 7,Round_2,,,,,EMEA
7,Nuclear Apes,23,4,1,4,1,5,4,9,1,Lobby 7,Round_2,,,,,EMEA
8,BOOBA,22,11,4,5,2,6,1,5,3,Lobby 7,Round_2,,,,,EMEA
9,NIBL,21,2,6,14,0,13,0,10,2,Lobby 7,Round_2,,,,,EMEA
10,JIGSAW,19,15,0,7,6,14,0,3,1,Lobby 7,Round_2,,,,,EMEA
11,T3W,17,13,0,8,4,4,3,8,0,Lobby 7,Round_2,,,,,EMEA
12,MF,15,19,1,13,0,7,0,7,7,Lobby 7,Round_2,,,,,EMEA
13,Vain,10,12,2,10,1,8,1,14,0,Lobby 7,Round_2,,,,,EMEA
14,FaTuttoilPad,10,14,0,17,0,3,1,12,0,Lobby 7,Round_2,,,,,EMEA
15,NXB,7,6,4,16,0,18,0,17,0,Lobby 7,Round_2,,,,,EMEA
16,Siliciler,7,9,3,18,0,15,0,15,0,Lobby 7,Round_2,,,,,EMEA
17,FIRE CLAN,5,18,0,9,3,16,0,18,0,Lobby 7,Round_2,,,,,EMEA
18,Lagom,3,10,0,12,0,17,0,16,0,Lobby 7,Round_2,,,,,EMEA
19,Wellenförmig™,0,16,0,20,0,20,0,20,0,Lobby 7,Round_2,,,,,EMEA
20,Vagabonds,0,20,0,20,0,20,0,20,0,Lobby 7,Round_2,,,,,EMEA
1,Undertaker,62,2,13,1,7,8,6,3,6,Lobby 8,Round_2,,,,,EMEA
2,CLN,52,6,9,9,11,4,6,6,13,Lobby 8,Round_2,,,,,EMEA
3,3 Jabronies,37,3,3,6,2,1,8,13,1,Lobby 8,Round_2,,,,,EMEA
4,NMS,34,1,6,10,4,11,5,11,3,Lobby 8,Round_2,,,,,EMEA
5,Monkey Milkers,27,10,0,3,5,9,6,7,2,Lobby 8,Round_2,,,,,EMEA
6,Bacalhau,27,11,0,13,0,5,3,1,6,Lobby 8,Round_2,,,,,EMEA
7,SPPI,26,14,0,16,0,2,3,2,4,Lobby 8,Round_2,,,,,EMEA
8,HKE,23,4,4,17,1,13,0,5,8,Lobby 8,Round_2,,,,,EMEA
9,OG,19,15,2,11,0,10,6,4,2,Lobby 8,Round_2,,,,,EMEA
10,MZY,19,18,0,2,6,14,1,8,0,Lobby 8,Round_2,,,,,EMEA
11,Kryptic,18,7,4,4,1,7,1,15,0,Lobby 8,Round_2,,,,,EMEA
12,Vanaheim Gaming,17,13,0,8,4,3,3,16,0,Lobby 8,Round_2,,,,,EMEA
13,1515,16,12,1,5,5,15,0,9,2,Lobby 8,Round_2,,,,,EMEA
14,Excellents,13,17,0,15,6,12,1,14,3,Lobby 8,Round_2,,,,,EMEA
15,BFG,13,5,1,14,1,6,1,10,0,Lobby 8,Round_2,,,,,EMEA
16,60fps,11,9,7,12,0,16,0,12,0,Lobby 8,Round_2,,,,,EMEA
17,BWG,5,8,0,7,0,17,0,18,0,Lobby 8,Round_2,,,,,EMEA
18,3 Uomini 1 Gamba,0,20,0,20,0,20,0,20,0,Lobby 8,Round_2,,,,,EMEA
19,Aesir,0,16,0,18,0,18,0,17,0,Lobby 8,Round_2,,,,,EMEA
20,DoubleuandL,0,20,0,20,0,20,0,20,0,Lobby 8,Round_2,,,,,EMEA
1,MP,56,5,2,11,3,1,11,1,11,Lobby 1,Quarterfinals,,,,,EMEA
2,AUS,50,1,9,3,6,3,5,11,3,Lobby 1,Quarterfinals,,,,,EMEA
3,GIGI,38,15,7,18,3,10,0,2,16,Lobby 1,Quarterfinals,,,,,EMEA
4,SMS,34,2,17,13,4,16,3,20,0,Lobby 1,Quarterfinals,,,,,EMEA
5,Hope Die Last,33,17,0,5,6,2,8,4,1,Lobby 1,Quarterfinals,,,,,EMEA
6,AAS,32,8,4,2,9,11,1,5,2,Lobby 1,Quarterfinals,,,,,EMEA
7,BCG,29,7,1,4,2,4,4,7,6,Lobby 1,Quarterfinals,,,,,EMEA
8,SPIRAL,28,11,1,1,8,6,3,18,0,Lobby 1,Quarterfinals,,,,,EMEA
9,FV,19,12,2,7,11,15,0,13,0,Lobby 1,Quarterfinals,,,,,EMEA
10,UTFT,19,3,4,19,2,14,5,16,0,Lobby 1,Quarterfinals,,,,,EMEA
11,Uchinix,17,10,0,14,0,7,1,3,3,Lobby 1,Quarterfinals,,,,,EMEA
12,AP,15,6,3,12,1,13,2,10,2,Lobby 1,Quarterfinals,,,,,EMEA
13,Wisps,15,14,4,10,1,12,0,6,3,Lobby 1,Quarterfinals,,,,,EMEA
14,ORCL,14,9,3,9,0,5,2,19,1,Lobby 1,Quarterfinals,,,,,EMEA
15,NoFear,13,13,0,8,0,9,6,9,0,Lobby 1,Quarterfinals,,,,,EMEA
16,WhyUs,12,19,0,6,4,17,1,12,3,Lobby 1,Quarterfinals,,,,,EMEA
17,RNGBless,10,4,0,15,0,18,0,8,2,Lobby 1,Quarterfinals,,,,,EMEA
18,bykva U,9,18,0,16,1,8,4,15,1,Lobby 1,Quarterfinals,,,,,EMEA
19,Proxima,5,20,0,20,0,20,1,14,3,Lobby 1,Quarterfinals,,,,,EMEA
20,Excellent Era,2,16,1,17,1,19,0,17,0,Lobby 1,Quarterfinals,,,,,EMEA
1,TD,47,5,3,11,1,2,4,1,13,Lobby 2,Quarterfinals,,,,,EMEA
2,DM,44,11,5,12,0,1,17,9,6,Lobby 2,Quarterfinals,,,,,EMEA
3,PXL,40,1,17,7,2,15,3,14,1,Lobby 2,Quarterfinals,,,,,EMEA
4,Mat For Victory,32,14,2,3,6,10,0,3,7,Lobby 2,Quarterfinals,,,,,EMEA
5,6bnt,29,16,2,5,7,7,1,2,3,Lobby 2,Quarterfinals,,,,,EMEA
6,LegionF,25,9,3,2,6,17,0,10,3,Lobby 2,Quarterfinals,,,,,EMEA
7,TRIHARD,25,13,0,1,9,11,2,17,0,Lobby 2,Quarterfinals,,,,,EMEA
8,LGN,24,18,1,8,8,4,8,18,0,Lobby 2,Quarterfinals,,,,,EMEA
9,BGR,23,10,0,17,1,5,8,4,3,Lobby 2,Quarterfinals,,,,,EMEA
10,ETH,22,3,6,16,1,9,0,5,2,Lobby 2,Quarterfinals,,,,,EMEA
11,Pepegi,21,2,3,4,3,19,0,15,0,Lobby 2,Quarterfinals,,,,,EMEA
12,Weebs Out,19,4,8,19,0,14,0,11,4,Lobby 2,Quarterfinals,,,,,EMEA
13,KOMANDA A,18,15,0,14,0,3,5,6,1,Lobby 2,Quarterfinals,,,,,EMEA
14,NotoriousFamily,17,6,3,10,3,18,0,7,3,Lobby 2,Quarterfinals,,,,,EMEA
15,3turrets1brain,15,12,0,6,4,8,4,13,0,Lobby 2,Quarterfinals,,,,,EMEA
16,GVG,10,8,2,15,0,12,0,12,3,Lobby 2,Quarterfinals,,,,,EMEA
17,WLS,6,7,0,18,0,16,1,16,2,Lobby 2,Quarterfinals,,,,,EMEA
18,Reakless,6,17,0,9,1,6,0,20,0,Lobby 2,Quarterfinals,,,,,EMEA
19,PauseChamps,4,19,0,13,0,13,0,8,0,Lobby 2,Quarterfinals,,,,,EMEA
20,edit,0,20,0,20,0,20,0,20,0,Lobby 2,Quarterfinals,,,,,EMEA
1,69IQ,76,1,10,1,12,1,5,3,6,Lobby 3,Quarterfinals,,,,,EMEA
2,K1CK,51,9,8,11,5,2,12,2,5,Lobby 3,Quarterfinals,,,,,EMEA
3,Aspirateur,41,14,1,6,4,6,6,1,11,Lobby 3,Quarterfinals,,,,,EMEA
4,SCBS,33,5,8,13,0,15,5,4,9,Lobby 3,Quarterfinals,,,,,EMEA
5,DI,29,3,4,17,0,14,6,6,8,Lobby 3,Quarterfinals,,,,,EMEA
6,ATK,29,4,2,3,9,20,0,7,3,Lobby 3,Quarterfinals,,,,,EMEA
7,NurzethexStyleS,22,2,9,9,0,9,0,20,0,Lobby 3,Quarterfinals,,,,,EMEA
8,CHI,21,8,0,2,7,18,1,15,1,Lobby 3,Quarterfinals,,,,,EMEA
9,TURKs,19,7,0,15,2,7,3,11,6,Lobby 3,Quarterfinals,,,,,EMEA
10,uwuowoboys,15,6,4,18,0,16,0,5,4,Lobby 3,Quarterfinals,,,,,EMEA
11,Lunar,15,10,2,7,0,11,3,10,2,Lobby 3,Quarterfinals,,,,,EMEA
12,NoWay XBox,15,13,3,10,1,5,2,8,0,Lobby 3,Quarterfinals,,,,,EMEA
13,TREX,15,18,0,5,4,4,1,12,0,Lobby 3,Quarterfinals,,,,,EMEA
14,Plombralicious,13,12,2,19,0,10,7,13,0,Lobby 3,Quarterfinals,,,,,EMEA
15,PRSTS,12,11,0,4,5,12,0,18,0,Lobby 3,Quarterfinals,,,,,EMEA
16,KIMADAZ,11,16,1,20,0,3,3,17,0,Lobby 3,Quarterfinals,,,,,EMEA
17,RAT,9,15,0,16,0,8,3,9,1,Lobby 3,Quarterfinals,,,,,EMEA
18,Sxercise,8,20,0,8,4,17,0,16,2,Lobby 3,Quarterfinals,,,,,EMEA
19,Controller City,5,17,0,12,3,13,0,19,0,Lobby 3,Quarterfinals,,,,,EMEA
20,SCTA,5,19,2,14,1,19,0,14,0,Lobby 3,Quarterfinals,,,,,EMEA
1,CLN,79,1,9,1,11,16,5,1,18,Lobby 4,Quarterfinals,,,,,EMEA
2,NMS,40,2,12,7,4,4,6,14,0,Lobby 4,Quarterfinals,,,,,EMEA
3,NIBL,37,18,3,14,0,1,10,3,4,Lobby 4,Quarterfinals,,,,,EMEA
4,signelunaire,33,17,0,3,5,14,1,2,10,Lobby 4,Quarterfinals,,,,,EMEA
5,Team Volpid,29,6,2,4,4,7,2,4,5,Lobby 4,Quarterfinals,,,,,EMEA
6,Undertaker,28,8,4,2,6,19,0,9,5,Lobby 4,Quarterfinals,,,,,EMEA
7,HKE,27,3,8,16,3,10,0,5,3,Lobby 4,Quarterfinals,,,,,EMEA
8,RD,26,5,10,19,0,5,7,16,1,Lobby 4,Quarterfinals,,,,,EMEA
9,Bacalhau,26,12,0,18,0,2,10,7,3,Lobby 4,Quarterfinals,,,,,EMEA
10,OG,23,4,2,8,4,3,2,11,0,Lobby 4,Quarterfinals,,,,,EMEA
11,Sheriffs,21,10,3,10,7,15,5,15,0,Lobby 4,Quarterfinals,,,,,EMEA
12,SPPI,17,11,2,17,0,8,3,6,6,Lobby 4,Quarterfinals,,,,,EMEA
13,JIGSAW,17,7,3,9,3,11,3,8,0,Lobby 4,Quarterfinals,,,,,EMEA
14,3 Jabronies,13,13,0,6,6,6,0,17,0,Lobby 4,Quarterfinals,,,,,EMEA
15,Enoughandmore,10,9,1,15,1,12,3,13,0,Lobby 4,Quarterfinals,,,,,EMEA
16,MZY,9,14,0,12,3,13,1,12,1,Lobby 4,Quarterfinals,,,,,EMEA
17,Kvasna,6,16,0,5,0,9,0,18,0,Lobby 4,Quarterfinals,,,,,EMEA
18,Nuclear Apes,3,15,0,11,0,18,1,19,0,Lobby 4,Quarterfinals,,,,,EMEA
19,Monkey Milkers,3,19,0,13,0,20,0,10,0,Lobby 4,Quarterfinals,,,,,EMEA
20,BOOBA,1,20,0,20,0,17,1,20,0,Lobby 4,Quarterfinals,,,,,EMEA
1,ETH,62,7,3,13,1,1,7,2,6,Lobby 1,Semifinals,4,4,2,2,EMEA
2,TD,55,2,8,11,3,11,1,6,5,Lobby 1,Semifinals,5,9,5,7,EMEA
3,AAS,55,4,6,7,4,2,13,5,4,Lobby 1,Semifinals,13,2,11,3,EMEA
4,SMS,53,1,12,3,4,5,4,12,1,Lobby 1,Semifinals,18,3,15,4,EMEA
5,GIGI,52,9,0,1,6,20,0,1,14,Lobby 1,Semifinals,10,4,19,0,EMEA
6,FV,49,8,6,8,4,4,5,9,0,Lobby 1,Semifinals,14,2,1,8,EMEA
7,BGR,44,12,5,9,3,13,2,10,0,Lobby 1,Semifinals,1,8,10,6,EMEA
8,TRIHARD,37,17,3,12,2,12,0,3,5,Lobby 1,Semifinals,3,7,9,2,EMEA
9,AUS,32,16,0,5,6,10,3,14,3,Lobby 1,Semifinals,8,1,4,5,EMEA
10,BCG,31,10,0,4,9,15,1,17,0,Lobby 1,Semifinals,7,3,14,6,EMEA
11,LGN,31,11,3,6,2,6,0,7,2,Lobby 1,Semifinals,6,2,6,6,EMEA
12,6bnt,28,6,5,17,3,8,2,4,3,Lobby 1,Semifinals,12,1,8,1,EMEA
13,DM,28,19,0,2,7,19,0,8,5,Lobby 1,Semifinals,9,3,18,0,EMEA
14,PXL,26,15,0,19,2,18,5,20,0,Lobby 1,Semifinals,2,5,7,1,EMEA
15,LegionF,18,18,0,20,0,17,3,19,0,Lobby 1,Semifinals,17,0,3,8,EMEA
16,SPIRAL,15,5,2,18,0,9,3,13,0,Lobby 1,Semifinals,11,1,13,0,EMEA
17,UTFT,13,14,0,16,0,3,2,15,0,Lobby 1,Semifinals,15,0,12,0,EMEA
18,Mat For Victory,12,3,2,15,0,16,1,18,0,Lobby 1,Semifinals,19,0,17,1,EMEA
19,MP,11,13,1,10,1,14,3,16,1,Lobby 1,Semifinals,16,0,16,1,EMEA
20,Hope Die Last,10,20,0,14,1,7,2,11,2,Lobby 1,Semifinals,20,0,20,0,EMEA
1,69IQ,81,1,8,1,9,2,13,12,1,Lobby 2,Semifinals,2,4,12,2,EMEA
2,DI,74,3,2,5,4,3,3,1,9,Lobby 2,Semifinals,7,6,2,8,EMEA
3,K1CK,69,5,4,4,5,6,4,3,10,Lobby 2,Semifinals,13,2,1,12,EMEA
4,CHI,60,2,13,2,4,13,4,4,4,Lobby 2,Semifinals,18,3,4,3,EMEA
5,CLN,56,9,8,3,13,12,3,9,0,Lobby 2,Semifinals,10,5,3,6,EMEA
6,RD,42,14,2,17,2,7,0,11,6,Lobby 2,Semifinals,1,11,10,2,EMEA
7,SCBS,38,10,3,6,5,1,4,10,3,Lobby 2,Semifinals,17,0,6,1,EMEA
8,OG,31,4,9,14,3,9,5,15,0,Lobby 2,Semifinals,5,1,17,0,EMEA
9,signelunaire,29,12,0,8,1,14,4,2,5,Lobby 2,Semifinals,9,1,7,0,EMEA
10,NMS,28,11,2,9,1,15,2,5,7,Lobby 2,Semifinals,4,2,13,0,EMEA
11,HKE,23,8,3,7,1,4,6,18,0,Lobby 2,Semifinals,8,0,15,0,EMEA
12,Aspirateur,22,18,2,15,2,10,3,16,0,Lobby 2,Semifinals,6,5,14,3,EMEA
13,uwuowoboys,21,16,0,16,3,17,1,7,1,Lobby 2,Semifinals,11,1,5,7,EMEA
14,Undertaker,21,6,0,13,0,16,1,8,0,Lobby 2,Semifinals,12,5,9,6,EMEA
15,TURKs,16,13,1,18,0,5,3,14,3,Lobby 2,Semifinals,15,1,11,0,EMEA
16,NIBL,16,15,0,12,0,19,0,19,0,Lobby 2,Semifinals,3,4,16,3,EMEA
17,NurzethexStyleS,15,7,0,11,0,11,3,6,2,Lobby 2,Semifinals,19,0,8,0,EMEA
18,ATK,11,20,0,10,1,8,3,17,3,Lobby 2,Semifinals,16,0,18,0,EMEA
19,Team Volpid,8,19,0,19,4,20,0,13,3,Lobby 2,Semifinals,20,0,20,0,EMEA
20,Bacalhau,7,17,0,20,0,18,0,20,0,Lobby 2,Semifinals,14,3,19,3,EMEA
1,69IQ,67,17,3,15,0,15,2,1,7,Lobby 1,Finals,1,9,1,8,EMEA
2,GIGI,63,5,11,9,1,1,18,4,5,Lobby 1,Finals,13,1,12,2,EMEA
3,AUS,60,15,0,2,12,13,4,16,6,Lobby 1,Finals,12,6,2,11,EMEA
4,ETH,54,3,3,7,2,3,6,3,5,Lobby 1,Finals,2,4,16,1,EMEA
5,NMS,52,12,1,4,6,6,9,9,7,Lobby 1,Finals,5,3,6,8,EMEA
6,OG,46,10,0,3,5,2,5,10,2,Lobby 1,Finals,7,5,7,3,EMEA
7,RD,44,14,3,12,5,9,5,2,5,Lobby 1,Finals,8,8,10,1,EMEA
8,BCG,37,19,1,5,7,14,1,15,2,Lobby 1,Finals,4,6,4,4,EMEA
9,DI,37,1,10,11,1,20,0,6,3,Lobby 1,Finals,16,3,13,3,EMEA
10,BGR,36,11,0,1,6,4,3,8,0,Lobby 1,Finals,9,0,8,3,EMEA
11,K1CK,35,2,6,14,0,5,5,7,5,Lobby 1,Finals,10,0,19,0,EMEA
12,TD,28,16,0,13,2,12,1,14,0,Lobby 1,Finals,3,5,3,3,EMEA
13,signelunaire,22,6,2,6,5,19,0,18,0,Lobby 1,Finals,11,2,9,4,EMEA
14,SCBS,22,4,6,16,0,16,0,5,2,Lobby 1,Finals,6,2,17,0,EMEA
15,SMS,20,7,2,10,3,10,0,19,3,Lobby 1,Finals,14,3,14,0,EMEA
16,CLN,18,13,6,8,1,11,2,17,2,Lobby 1,Finals,17,0,18,3,EMEA
17,AAS,16,8,3,17,0,18,0,13,3,Lobby 1,Finals,18,0,5,3,EMEA
18,TRIHARD,10,20,0,20,0,7,0,11,1,Lobby 1,Finals,15,3,11,0,EMEA
19,CHI,6,9,1,18,0,8,1,20,0,Lobby 1,Finals,19,0,20,0,EMEA
20,FV,3,18,0,19,0,17,0,12,1,Lobby 1,Finals,20,0,15,0,EMEA
1,DNO,63,10,8,3,5,4,10,1,14,Lobby 1,Quarterfinals,,,,,North_America
2,NBL,44,5,6,18,0,1,9,2,4,Lobby 1,Quarterfinals,,,,,North_America
3,BW,42,7,4,1,9,11,1,4,7,Lobby 1,Quarterfinals,,,,,North_America
4,The Semi Pros,35,2,8,12,6,17,0,3,4,Lobby 1,Quarterfinals,,,,,North_America
5,OA,34,8,0,5,5,2,7,9,5,Lobby 1,Quarterfinals,,,,,North_America
6,SMP,30,3,8,11,1,3,2,6,1,Lobby 1,Quarterfinals,,,,,North_America
7,CLX,24,15,5,6,4,9,5,14,3,Lobby 1,Quarterfinals,,,,,North_America
8,Titanes,24,1,4,16,0,5,2,10,0,Lobby 1,Quarterfinals,,,,,North_America
9,SXG,21,16,0,2,7,13,2,12,1,Lobby 1,Quarterfinals,,,,,North_America
10,Hooiya,20,19,2,8,1,6,3,5,5,Lobby 1,Quarterfinals,,,,,North_America
11,My Neck My Back,19,4,7,4,1,15,0,19,0,Lobby 1,Quarterfinals,,,,,North_America
12,ROT,15,13,0,7,2,12,1,13,6,Lobby 1,Quarterfinals,,,,,North_America
13,RCO,15,6,1,9,3,14,2,7,0,Lobby 1,Quarterfinals,,,,,North_America
14,gibbyhands,14,11,0,13,0,7,6,8,1,Lobby 1,Quarterfinals,,,,,North_America
15,Hardstuck10k,9,9,0,19,0,8,1,11,3,Lobby 1,Quarterfinals,,,,,North_America
16,Spooky Scary,4,12,1,15,0,19,1,16,0,Lobby 1,Quarterfinals,,,,,North_America
17,SQS Gaming,4,14,0,14,0,10,0,18,0,Lobby 1,Quarterfinals,,,,,North_America
18,Insane Xboxsers,3,17,0,10,0,16,0,15,0,Lobby 1,Quarterfinals,,,,,North_America
19,Dumpsters,2,18,0,17,2,18,0,17,0,Lobby 1,Quarterfinals,,,,,North_America
20,AGL,0,20,0,20,0,20,0,20,0,Lobby 1,Quarterfinals,,,,,North_America
1,YouLikeThatMate?,50,1,17,2,10,12,1,19,0,Lobby 2,Quarterfinals,,,,,North_America
2,BP,48,11,3,1,10,8,13,10,5,Lobby 2,Quarterfinals,,,,,North_America
3,LMX,44,4,3,5,7,17,1,1,12,Lobby 2,Quarterfinals,,,,,North_America
4,Dexterous,33,3,8,20,0,2,6,14,2,Lobby 2,Quarterfinals,,,,,North_America
5,LZR,33,12,0,4,5,1,9,13,0,Lobby 2,Quarterfinals,,,,,North_America
6,xD,29,18,0,6,12,7,0,4,6,Lobby 2,Quarterfinals,,,,,North_America
7,LVG,29,2,10,15,3,13,1,6,1,Lobby 2,Quarterfinals,,,,,North_America
8,Never Lucky,24,7,5,11,1,6,5,12,5,Lobby 2,Quarterfinals,,,,,North_America
9,CC,24,10,1,7,0,10,0,2,7,Lobby 2,Quarterfinals,,,,,North_America
10,Vandals,22,13,1,12,2,18,1,3,9,Lobby 2,Quarterfinals,,,,,North_America
11,Undisputed,20,14,2,14,0,3,8,17,1,Lobby 2,Quarterfinals,,,,,North_America
12,AST,18,9,4,9,7,11,0,15,1,Lobby 2,Quarterfinals,,,,,North_America
13,Meow Syndicate,17,16,0,3,2,16,0,5,4,Lobby 2,Quarterfinals,,,,,North_America
14,4Fun,13,8,2,18,0,4,4,16,0,Lobby 2,Quarterfinals,,,,,North_America
15,oni,12,6,0,10,0,9,5,18,0,Lobby 2,Quarterfinals,,,,,North_America
16,Onyx,9,15,0,16,0,5,3,11,0,Lobby 2,Quarterfinals,,,,,North_America
17,Nest,7,17,1,17,0,20,0,8,4,Lobby 2,Quarterfinals,,,,,North_America
18,JustSomeWarriors,7,19,1,8,0,15,0,9,1,Lobby 2,Quarterfinals,,,,,North_America
19,SDO,7,20,0,13,0,14,1,7,1,Lobby 2,Quarterfinals,,,,,North_America
20,Pickles,6,5,2,19,0,19,0,20,0,Lobby 2,Quarterfinals,,,,,North_America
1,AM,62,14,1,9,8,2,16,1,13,Lobby 3,Quarterfinals,,,,,North_America
2,EST,45,9,2,3,11,1,6,9,3,Lobby 3,Quarterfinals,,,,,North_America
3,LF,39,2,4,5,3,4,7,6,4,Lobby 3,Quarterfinals,,,,,North_America
4,RT,37,1,9,15,2,3,4,14,1,Lobby 3,Quarterfinals,,,,,North_America
5,NEAN,30,3,10,18,0,8,3,4,3,Lobby 3,Quarterfinals,,,,,North_America
6,Sussy Bakas,30,7,3,1,4,14,2,12,4,Lobby 3,Quarterfinals,,,,,North_America
7,Unlucky,28,13,1,2,2,9,3,5,6,Lobby 3,Quarterfinals,,,,,North_America
8,NM,21,16,0,7,3,15,0,2,5,Lobby 3,Quarterfinals,,,,,North_America
9,Los Hefes,20,4,5,6,2,10,3,17,0,Lobby 3,Quarterfinals,,,,,North_America
10,Aisle 5,19,6,3,19,0,5,2,3,0,Lobby 3,Quarterfinals,,,,,North_America
11,MOAN,17,8,3,14,6,7,2,19,0,Lobby 3,Quarterfinals,,,,,North_America
12,GNR,16,10,3,17,3,12,5,13,1,Lobby 3,Quarterfinals,,,,,North_America
13,TPM,15,5,1,12,0,13,0,7,5,Lobby 3,Quarterfinals,,,,,North_America
14,Sniper Meta,13,11,5,16,0,16,0,11,6,Lobby 3,Quarterfinals,,,,,North_America
15,Tijuana Piranas,10,20,0,4,5,18,0,20,0,Lobby 3,Quarterfinals,,,,,North_America
16,FROG,10,15,0,10,3,19,0,8,2,Lobby 3,Quarterfinals,,,,,North_America
17,BQB,8,12,4,11,0,17,0,10,0,Lobby 3,Quarterfinals,,,,,North_America
18,ZERO,7,17,0,8,1,11,1,18,2,Lobby 3,Quarterfinals,,,,,North_America
19,2 Zoomers1boomer,6,18,0,20,0,6,0,15,2,Lobby 3,Quarterfinals,,,,,North_America
20,1 vs Lobby,4,19,2,13,1,20,0,16,0,Lobby 3,Quarterfinals,,,,,North_America
1,BAD,59,5,5,2,6,1,12,2,2,Lobby 4,Quarterfinals,,,,,North_America
2,2B1C,57,7,9,1,15,12,0,9,15,Lobby 4,Quarterfinals,,,,,North_America
3,Unsigned Talent,52,6,6,4,5,5,11,1,6,Lobby 4,Quarterfinals,,,,,North_America
4,WASH,34,8,3,12,6,4,8,6,6,Lobby 4,Quarterfinals,,,,,North_America
5,BOT,33,1,5,16,0,3,5,11,3,Lobby 4,Quarterfinals,,,,,North_America
6,SUP,27,2,8,7,1,17,3,10,1,Lobby 4,Quarterfinals,,,,,North_America
7,Dark Matter,26,11,4,8,2,9,5,5,6,Lobby 4,Quarterfinals,,,,,North_America
8,pub stars,25,15,3,5,7,2,1,17,0,Lobby 4,Quarterfinals,,,,,North_America
9,Blood Sport,23,3,2,13,1,13,0,4,6,Lobby 4,Quarterfinals,,,,,North_America
10,OrgSignUs,21,17,0,11,4,10,1,3,6,Lobby 4,Quarterfinals,,,,,North_America
11,IFE,20,18,3,3,6,8,1,15,0,Lobby 4,Quarterfinals,,,,,North_America
12,Yess,19,4,7,17,0,7,3,18,1,Lobby 4,Quarterfinals,,,,,North_America
13,UORG,15,10,3,15,0,6,3,14,2,Lobby 4,Quarterfinals,,,,,North_America
14,Wonderboys,12,14,0,6,1,15,3,8,1,Lobby 4,Quarterfinals,,,,,North_America
15,LNT,7,19,0,9,1,16,0,7,1,Lobby 4,Quarterfinals,,,,,North_America
16,Content Squad,5,12,1,10,1,18,0,16,0,Lobby 4,Quarterfinals,,,,,North_America
17,MoJo,5,13,0,14,0,11,1,12,0,Lobby 4,Quarterfinals,,,,,North_America
18,Raised By Wolves,3,9,0,19,0,19,0,13,0,Lobby 4,Quarterfinals,,,,,North_America
19,Specter,1,20,0,20,0,20,0,19,1,Lobby 4,Quarterfinals,,,,,North_America
20,Filii Martis,1,16,0,18,0,14,0,20,0,Lobby 4,Quarterfinals,,,,,North_America
1,BW,106,1,8,1,12,4,8,1,7,Lobby 1,Semifinals,2,8,2,4,North_America
2,BP,56,5,9,12,2,5,6,17,0,Lobby 1,Semifinals,17,3,1,15,North_America
3,DNO,50,19,1,18,0,7,6,2,8,Lobby 1,Semifinals,4,9,5,5,North_America
4,YouLikeThatMate?,46,7,0,6,2,1,12,4,4,Lobby 1,Semifinals,8,1,10,0,North_America
5,xD,45,8,5,2,8,19,0,13,2,Lobby 1,Semifinals,5,6,6,5,North_America
6,NBL,44,3,2,17,0,2,6,12,0,Lobby 1,Semifinals,9,0,3,10,North_America
7,LMX,43,11,0,3,3,11,3,11,4,Lobby 1,Semifinals,1,8,8,1,North_America
8,LZR,38,4,6,13,0,3,7,8,1,Lobby 1,Semifinals,7,5,11,0,North_America
9,CLX,35,10,5,5,7,6,0,6,3,Lobby 1,Semifinals,12,1,14,5,North_America
10,SMP,33,6,6,9,4,14,0,10,5,Lobby 1,Semifinals,6,1,4,1,North_America
11,SXG,31,20,0,14,3,20,0,14,3,Lobby 1,Semifinals,3,12,12,3,North_America
12,Vandals,27,2,7,15,0,10,0,9,1,Lobby 1,Semifinals,11,1,9,1,North_America
13,LVG,21,17,0,4,1,18,0,3,8,Lobby 1,Semifinals,16,0,16,0,North_America
14,Never Lucky,16,12,1,8,2,8,2,18,2,Lobby 1,Semifinals,13,1,19,2,North_America
15,Dexterous,15,9,3,10,0,16,3,15,4,Lobby 1,Semifinals,19,0,20,0,North_America
16,OA,15,13,0,20,0,12,0,5,2,Lobby 1,Semifinals,10,0,7,2,North_America
17,Hooiya,14,14,0,7,2,13,0,20,0,Lobby 1,Semifinals,15,0,17,6,North_America
18,The Semi Pros,13,16,0,11,3,15,0,7,3,Lobby 1,Semifinals,14,0,15,0,North_America
19,CC,9,18,3,19,0,9,3,16,0,Lobby 1,Semifinals,20,0,13,0,North_America
20,Titanes,5,15,0,16,3,17,0,19,0,Lobby 1,Semifinals,18,1,18,0,North_America
1,AM,79,8,6,2,3,1,14,19,3,Lobby 2,Semifinals,3,10,4,8,North_America
2,SUP,50,1,14,13,2,15,0,6,3,Lobby 2,Semifinals,9,3,7,6,North_America
3,Unlucky,50,2,4,10,0,10,1,12,0,Lobby 2,Semifinals,2,6,1,4,North_America
4,Unsigned Talent,49,6,1,1,12,18,0,14,11,Lobby 2,Semifinals,5,5,16,0,North_America
5,EST,42,13,2,12,0,3,2,1,14,Lobby 2,Semifinals,16,0,8,1,North_America
6,pub stars,41,14,5,19,1,7,10,17,0,Lobby 2,Semifinals,4,4,3,5,North_America
7,Aisle 5,38,4,4,17,4,4,0,13,0,Lobby 2,Semifinals,12,0,2,9,North_America
8,WASH,37,5,8,8,0,17,1,3,8,Lobby 2,Semifinals,13,0,6,3,North_America
9,NEAN,35,3,1,7,6,6,3,4,3,Lobby 2,Semifinals,17,1,17,3,North_America
10,RT,33,9,5,5,1,9,5,2,2,Lobby 2,Semifinals,10,0,13,0,North_America
11,Los Hefes,30,15,0,11,3,16,0,11,3,Lobby 2,Semifinals,1,5,15,3,North_America
12,LF,30,16,0,6,3,2,4,7,1,Lobby 2,Semifinals,8,4,14,0,North_America
13,2B1C,27,11,5,14,3,12,3,15,0,Lobby 2,Semifinals,14,3,5,4,North_America
14,BAD,27,7,0,20,0,13,5,5,3,Lobby 2,Semifinals,6,6,9,0,North_America
15,Dark Matter,24,10,3,15,3,8,0,9,4,Lobby 2,Semifinals,18,0,10,5,North_America
16,BOT,23,18,0,4,6,14,0,8,2,Lobby 2,Semifinals,7,3,11,0,North_America
17,Sussy Bakas,22,12,0,9,7,5,4,16,0,Lobby 2,Semifinals,19,0,12,3,North_America
18,NM,12,19,0,3,1,11,0,10,0,Lobby 2,Semifinals,11,0,18,0,North_America
19,OrgSignUs,8,20,0,16,1,19,2,18,1,Lobby 2,Semifinals,15,3,19,0,North_America
20,Blood Sport,1,17,0,18,1,20,0,20,0,Lobby 2,Semifinals,0,0,0,0,North_America
1,DNO,75,9,5,20,0,1,18,5,6,Lobby 1,Finals,4,13,3,3,North_America
2,NBL,72,6,1,3,8,7,4,1,10,Lobby 1,Finals,1,9,8,1,North_America
3,AM,60,1,14,18,0,17,0,2,7,Lobby 1,Finals,7,4,7,8,North_America
4,pub stars,49,14,3,5,7,6,2,3,6,Lobby 1,Finals,3,5,9,2,North_America
5,BW,44,4,11,17,2,3,5,7,6,Lobby 1,Finals,9,2,16,1,North_America
6,LZR,39,19,0,1,13,12,0,15,3,Lobby 1,Finals,2,0,17,0,North_America
7,SMP,33,12,1,13,0,18,1,16,0,Lobby 1,Finals,14,3,1,13,North_America
8,xD,33,3,0,7,0,11,10,4,5,Lobby 1,Finals,13,1,19,0,North_America
9,NEAN,32,8,6,2,6,10,1,9,0,Lobby 1,Finals,10,1,14,0,North_America
10,LMX,31,16,1,9,2,13,0,8,0,Lobby 1,Finals,5,5,2,5,North_America
11,SUP,30,10,1,14,1,9,0,10,1,Lobby 1,Finals,6,4,4,8,North_America
12,YouLikeThatMate?,30,5,1,4,5,8,2,13,3,Lobby 1,Finals,16,0,5,3,North_America
13,EST,29,7,4,10,0,2,6,11,0,Lobby 1,Finals,17,2,12,1,North_America
14,CLX,27,2,5,16,0,15,0,19,0,Lobby 1,Finals,8,6,15,3,North_America
15,RT,21,17,2,12,1,4,1,6,5,Lobby 1,Finals,19,0,11,2,North_America
16,WASH,20,13,0,6,7,14,3,14,0,Lobby 1,Finals,12,3,18,0,North_America
17,BP,14,18,2,19,0,16,2,17,0,Lobby 1,Finals,11,1,6,5,North_America
18,Unlucky,14,15,0,8,2,5,2,18,0,Lobby 1,Finals,15,1,13,0,North_America
19,Aisle 5,13,11,0,11,0,19,0,12,3,Lobby 1,Finals,18,1,10,4,North_America
20,Unsigned Talent,6,20,1,15,4,20,0,20,0,Lobby 1,Finals,20,0,20,0,North_America
1,CIA,57,5,8,13,0,8,2,1,12,Lobby 1,Finals,5,12,20,0,South_America
2,SLU,56,3,7,2,6,4,1,16,0,Lobby 1,Finals,6,3,2,6,South_America
3,OF,49,10,4,15,2,10,2,3,11,Lobby 1,Finals,2,7,14,1,South_America
4,ElemenT,45,6,3,17,0,1,9,11,1,Lobby 1,Finals,3,4,9,3,South_America
5,USB,40,4,2,5,3,2,7,9,0,Lobby 1,Finals,14,0,4,2,South_America
6,Coquinha gelada,39,18,0,12,1,6,8,5,7,Lobby 1,Finals,4,4,5,2,South_America
7,Love Egirls,39,1,10,9,3,13,1,4,3,Lobby 1,Finals,10,0,16,0,South_America
8,BTH,38,19,0,7,0,3,1,2,1,Lobby 1,Finals,7,0,7,11,South_America
9,Blagueur,36,15,0,4,15,11,0,8,2,Lobby 1,Finals,11,4,8,3,South_America
10,TK,35,2,11,16,0,20,0,19,1,Lobby 1,Finals,12,8,13,4,South_America
11,AGCL,34,16,0,10,0,9,3,10,5,Lobby 1,Finals,17,0,1,8,South_America
12,AIM,31,13,3,11,6,19,0,18,0,Lobby 1,Finals,13,3,3,9,South_America
13,As Misera,30,9,0,1,7,12,1,7,2,Lobby 1,Finals,8,0,19,0,South_America
14,New Age,29,11,1,3,11,15,3,17,1,Lobby 1,Finals,18,0,12,3,South_America
15,Slav Animals,26,8,3,19,0,7,12,13,3,Lobby 1,Finals,15,0,11,0,South_America
16,OnlyResenha,25,17,0,20,0,14,2,12,1,Lobby 1,Finals,1,8,17,0,South_America
17,ZETTA,21,12,0,8,1,5,3,20,0,Lobby 1,Finals,9,4,10,2,South_America
18,TCS,18,20,0,14,2,16,5,15,5,Lobby 1,Finals,20,0,6,1,South_America
19,sFx,12,7,4,6,0,17,0,14,0,Lobby 1,Finals,19,0,15,0,South_America
20,SP,9,14,0,18,0,18,0,6,0,Lobby 1,Finals,16,2,18,3,South_America
