Standing,Team,Total,P,K,P.1,K.1,P.2,K.2,P.3,K.3,Lobby,Round,P.4,K.4,P.5,K.5,Split
1.0,VOID,52,2,10,2,14,4,0,11,4,Lobby 1,Quarterfinals,,,,,Split_2
2.0,ShameAssist,45,5,3,1,12,11,2,8,9,Lobby 1,Quarterfinals,,,,,Split_2
3.0,WING,42,3,16,9,9,17,0,7,5,Lobby 1,Quarterfinals,,,,,Split_2
4.0,AE,42,4,7,6,0,1,12,16,3,Lobby 1,Quarterfinals,,,,,Split_2
5.0,CIMJ,40,6,4,7,6,15,1,1,10,Lobby 1,Quarterfinals,,,,,Split_2
6.0,TPM,35,7,4,16,0,3,10,2,2,Lobby 1,Quarterfinals,,,,,Split_2
7.0,Anarchy,28,1,5,8,1,10,3,9,1,Lobby 1,Quarterfinals,,,,,Split_2
8.0,TAG NA,24,12,0,15,0,7,9,3,3,Lobby 1,Quarterfinals,,,,,Split_2
9.0,BF,19,10,0,17,2,2,6,20,0,Lobby 1,Quarterfinals,,,,,Split_2
10.0,TRP,18,8,2,19,0,5,3,6,4,Lobby 1,Quarterfinals,,,,,Split_2
11.0,North,16,20,0,3,4,20,0,5,1,Lobby 1,Quarterfinals,,,,,Split_2
12.0,CPS,12,17,0,10,4,6,0,19,3,Lobby 1,Quarterfinals,,,,,Split_2
13.0,Xile,12,18,1,18,0,13,3,4,2,Lobby 1,Quarterfinals,,,,,Split_2
14.0,Revenge,10,16,0,12,1,12,6,17,1,Lobby 1,Quarterfinals,,,,,Split_2
15.0,ZERO,10,13,1,14,0,8,1,18,4,Lobby 1,Quarterfinals,,,,,Split_2
16.0,Floofgang,10,14,0,5,0,16,1,10,2,Lobby 1,Quarterfinals,,,,,Split_2
17.0,BMM,10,19,1,4,0,9,0,15,1,Lobby 1,Quarterfinals,,,,,Split_2
18.0,OnTheRocks,9,9,3,11,2,18,0,14,0,Lobby 1,Quarterfinals,,,,,Split_2
19.0,FIT,6,11,0,20,0,14,0,12,3,Lobby 1,Quarterfinals,,,,,Split_2
20.0,Devil's Rejects,5,15,0,13,1,19,0,13,1,Lobby 1,Quarterfinals,,,,,Split_2
1.0,ING,68,1,12,9,2,1,12,3,9,Lobby 2,Quarterfinals,,,,,Split_2
2.0,rats,60,7,13,7,15,5,10,7,9,Lobby 2,Quarterfinals,,,,,Split_2
3.0,LVI,45,2,8,10,3,9,3,2,9,Lobby 2,Quarterfinals,,,,,Split_2
4.0,AST,37,17,3,1,17,20,0,16,5,Lobby 2,Quarterfinals,,,,,Split_2
5.0,trippin,33,3,5,19,0,2,12,17,0,Lobby 2,Quarterfinals,,,,,Split_2
6.0,UORG,30,11,3,14,3,16,0,1,10,Lobby 2,Quarterfinals,,,,,Split_2
7.0,HC,26,9,0,2,7,4,1,9,0,Lobby 2,Quarterfinals,,,,,Split_2
8.0,SDO,23,8,3,6,1,3,6,12,0,Lobby 2,Quarterfinals,,,,,Split_2
9.0,RAWR,19,16,0,4,0,11,2,4,6,Lobby 2,Quarterfinals,,,,,Split_2
10.0,ChadP,19,5,1,3,4,13,0,8,0,Lobby 2,Quarterfinals,,,,,Split_2
11.0,ABW,18,14,0,8,1,6,6,5,1,Lobby 2,Quarterfinals,,,,,Split_2
12.0,ZooWeeMama,16,4,5,15,3,17,0,10,0,Lobby 2,Quarterfinals,,,,,Split_2
13.0,Prodigy,11,15,0,5,0,7,2,15,0,Lobby 2,Quarterfinals,,,,,Split_2
14.0,UNDD,9,10,1,11,0,14,0,6,1,Lobby 2,Quarterfinals,,,,,Split_2
15.0,Landry,8,6,1,16,0,10,0,11,1,Lobby 2,Quarterfinals,,,,,Split_2
16.0,TMW,6,20,0,20,0,15,2,18,3,Lobby 2,Quarterfinals,,,,,Split_2
17.0,Revised,4,18,0,18,0,19,0,13,3,Lobby 2,Quarterfinals,,,,,Split_2
18.0,JustSomeNewGuys,4,13,0,12,1,12,0,19,0,Lobby 2,Quarterfinals,,,,,Split_2
19.0,Synergy,3,12,0,13,1,18,0,20,0,Lobby 2,Quarterfinals,,,,,Split_2
20.0,Vulpes,3,19,0,17,0,8,0,14,0,Lobby 2,Quarterfinals,,,,,Split_2
1.0,HVND,91,4,5,1,9,1,22,2,17,Lobby 3,Quarterfinals,,,,,Split_2
2.0,CONT,65,2,6,3,14,4,3,1,9,Lobby 3,Quarterfinals,,,,,Split_2
3.0,CCE UCX,40,1,14,4,6,19,3,20,0,Lobby 3,Quarterfinals,,,,,Split_2
4.0,MM,32,20,0,6,6,2,10,13,3,Lobby 3,Quarterfinals,,,,,Split_2
5.0,EX,25,3,2,9,0,5,3,8,5,Lobby 3,Quarterfinals,,,,,Split_2
6.0,OYO,21,13,4,18,0,15,1,3,7,Lobby 3,Quarterfinals,,,,,Split_2
7.0,ZLB,20,5,4,5,5,9,0,15,0,Lobby 3,Quarterfinals,,,,,Split_2
8.0,CDE,17,17,0,2,6,17,0,16,2,Lobby 3,Quarterfinals,,,,,Split_2
9.0,ill,16,11,4,7,0,10,1,6,2,Lobby 3,Quarterfinals,,,,,Split_2
10.0,RLP,16,7,1,10,0,3,3,17,0,Lobby 3,Quarterfinals,,,,,Split_2
11.0,CAA,15,8,5,19,0,20,0,4,3,Lobby 3,Quarterfinals,,,,,Split_2
12.0,Hotdoggers,15,10,2,16,0,6,0,5,4,Lobby 3,Quarterfinals,,,,,Split_2
13.0,cleevlund roxs,12,6,3,12,0,12,0,9,2,Lobby 3,Quarterfinals,,,,,Split_2
14.0,trash,10,12,0,11,4,11,2,12,0,Lobby 3,Quarterfinals,,,,,Split_2
15.0,Them Boiz,10,15,1,20,0,7,4,14,0,Lobby 3,Quarterfinals,,,,,Split_2
16.0,Digitized Ent.,9,9,1,15,4,18,0,19,1,Lobby 3,Quarterfinals,,,,,Split_2
17.0,Patrón,9,16,0,14,3,8,3,18,0,Lobby 3,Quarterfinals,,,,,Split_2
18.0,UNDOGS,9,19,0,13,0,16,0,7,5,Lobby 3,Quarterfinals,,,,,Split_2
19.0,4'10 410,8,14,2,8,1,14,0,11,0,Lobby 3,Quarterfinals,,,,,Split_2
20.0,Dumpster Demons,5,18,0,17,0,13,2,10,0,Lobby 3,Quarterfinals,,,,,Split_2
1.0,EQ,59,10,10,1,14,9,8,7,8,Lobby 4,Quarterfinals,,,,,Split_2
2.0,ASUR,59,3,2,3,3,1,12,3,9,Lobby 4,Quarterfinals,,,,,Split_2
3.0,SKSQ,54,1,15,17,0,10,5,1,8,Lobby 4,Quarterfinals,,,,,Split_2
4.0,RDM,38,2,3,12,3,2,5,5,4,Lobby 4,Quarterfinals,,,,,Split_2
5.0,Neko Arc,32,4,4,10,8,4,7,14,0,Lobby 4,Quarterfinals,,,,,Split_2
6.0,POSKITINO,32,15,0,11,3,3,3,2,8,Lobby 4,Quarterfinals,,,,,Split_2
7.0,Diamond Hands,22,13,0,2,10,11,1,17,0,Lobby 4,Quarterfinals,,,,,Split_2
8.0,Shadow Point,21,5,6,6,3,7,0,10,0,Lobby 4,Quarterfinals,,,,,Split_2
9.0,ABST,19,7,7,14,2,6,3,16,0,Lobby 4,Quarterfinals,,,,,Split_2
10.0,LNT,18,8,0,19,0,12,5,4,5,Lobby 4,Quarterfinals,,,,,Split_2
11.0,Nadez Nation,17,20,0,7,2,5,7,12,0,Lobby 4,Quarterfinals,,,,,Split_2
12.0,Lust GG,13,6,3,13,0,16,1,9,3,Lobby 4,Quarterfinals,,,,,Split_2
13.0,HaZarD,13,11,0,4,6,15,0,19,0,Lobby 4,Quarterfinals,,,,,Split_2
14.0,Inspired,13,16,0,5,0,13,0,8,6,Lobby 4,Quarterfinals,,,,,Split_2
15.0,FA,12,9,4,8,0,20,0,11,3,Lobby 4,Quarterfinals,,,,,Split_2
16.0,ABZ,9,12,1,15,0,18,0,6,3,Lobby 4,Quarterfinals,,,,,Split_2
17.0,GSG,5,17,1,20,0,8,1,13,0,Lobby 4,Quarterfinals,,,,,Split_2
18.0,850 Boys,4,18,0,9,0,14,0,15,0,Lobby 4,Quarterfinals,,,,,Split_2
19.0,APEX BOIZ,3,14,1,18,1,17,0,20,0,Lobby 4,Quarterfinals,,,,,Split_2
20.0,ARH,0,19,0,16,0,19,0,18,0,Lobby 4,Quarterfinals,,,,,Split_2
1.0,CIMJ,80,5,0,10,0,1,20,8,9,Lobby 1,Semifinals,2.0,3.0,1.0,7.0,Split_2
2.0,AE,53,9,8,9,3,3,4,3,1,Lobby 1,Semifinals,14.0,0.0,3.0,11.0,Split_2
3.0,TPM,52,3,4,8,0,18,0,1,9,Lobby 1,Semifinals,4.0,11.0,17.0,2.0,Split_2
4.0,WING,48,18,3,20,0,12,8,2,3,Lobby 1,Semifinals,1.0,12.0,19.0,0.0,Split_2
5.0,ING,39,14,1,4,8,19,1,13,5,Lobby 1,Semifinals,7.0,6.0,10.0,6.0,Split_2
6.0,SDO,39,2,3,13,0,4,5,15,0,Lobby 1,Semifinals,5.0,3.0,6.0,5.0,Split_2
7.0,AST,37,13,4,6,6,11,4,10,0,Lobby 1,Semifinals,10.0,2.0,2.0,3.0,Split_2
8.0,ChadP,33,11,3,17,2,6,4,5,6,Lobby 1,Semifinals,6.0,0.0,11.0,6.0,Split_2
9.0,HC,32,10,0,3,3,9,1,7,5,Lobby 1,Semifinals,12.0,2.0,4.0,1.0,Split_2
10.0,VOID,31,8,4,5,7,10,1,16,0,Lobby 1,Semifinals,9.0,9.0,18.0,0.0,Split_2
11.0,RAWR,31,1,15,19,0,16,1,12,1,Lobby 1,Semifinals,11.0,0.0,16.0,0.0,Split_2
12.0,Anarchy,30,15,5,2,6,20,0,11,2,Lobby 1,Semifinals,20.0,0.0,8.0,4.0,Split_2
13.0,TRP,29,19,0,7,4,2,5,20,0,Lobby 1,Semifinals,16.0,1.0,9.0,5.0,Split_2
14.0,rats,28,20,0,1,10,17,2,17,0,Lobby 1,Semifinals,19.0,0.0,13.0,3.0,Split_2
15.0,TAG NA,28,12,1,11,0,13,0,4,6,Lobby 1,Semifinals,3.0,5.0,15.0,0.0,Split_2
16.0,ShameAssist,19,4,3,16,1,7,1,9,3,Lobby 1,Semifinals,18.0,0.0,14.0,0.0,Split_2
17.0,BF,17,6,0,12,0,15,0,14,3,Lobby 1,Semifinals,17.0,0.0,7.0,5.0,Split_2
18.0,LVI,16,7,1,15,3,14,0,6,1,Lobby 1,Semifinals,8.0,0.0,12.0,0.0,Split_2
19.0,UORG,10,17,0,14,1,8,0,18,0,Lobby 1,Semifinals,15.0,1.0,5.0,0.0,Split_2
20.0,trippin,7,16,0,18,0,5,2,19,0,Lobby 1,Semifinals,13.0,0.0,20.0,0.0,Split_2
1.0,RDM,57,3,10,1,8,14,3,16,0,Lobby 2,Semifinals,13.0,9.0,13.0,5.0,Split_2
2.0,CCE UCX,57,1,10,13,3,7,0,12,5,Lobby 2,Semifinals,1.0,10.0,16.0,0.0,Split_2
3.0,HVND,56,10,6,9,3,19,0,11,6,Lobby 2,Semifinals,3.0,10.0,2.0,10.0,Split_2
4.0,CDE,56,12,0,3,8,2,4,7,3,Lobby 2,Semifinals,10.0,0.0,1.0,7.0,Split_2
5.0,ZLB,51,2,7,7,6,18,1,1,10,Lobby 2,Semifinals,20.0,0.0,6.0,0.0,Split_2
6.0,EQ,50,11,2,4,8,3,13,18,0,Lobby 2,Semifinals,4.0,7.0,10.0,0.0,Split_2
7.0,ABST,47,7,4,19,1,15,0,2,9,Lobby 2,Semifinals,2.0,5.0,7.0,3.0,Split_2
8.0,EX,44,14,3,2,6,16,0,3,6,Lobby 2,Semifinals,6.0,9.0,20.0,0.0,Split_2
9.0,Shadow Point,38,5,5,5,0,4,1,13,2,Lobby 2,Semifinals,5.0,3.0,4.0,4.0,Split_2
10.0,MM,31,13,2,20,0,12,3,10,0,Lobby 2,Semifinals,18.0,0.0,5.0,18.0,Split_2
11.0,ill,30,8,3,6,2,8,7,5,5,Lobby 2,Semifinals,16.0,0.0,14.0,1.0,Split_2
12.0,LNT,29,4,2,12,1,17,1,4,3,Lobby 2,Semifinals,8.0,0.0,3.0,2.0,Split_2
13.0,Neko Arc,28,15,0,11,3,1,9,20,0,Lobby 2,Semifinals,19.0,0.0,8.0,0.0,Split_2
14.0,POSKITINO,20,16,0,10,2,9,4,14,0,Lobby 2,Semifinals,11.0,3.0,9.0,3.0,Split_2
15.0,ASUR,19,20,0,8,0,6,6,8,5,Lobby 2,Semifinals,14.0,0.0,17.0,0.0,Split_2
16.0,SKSQ,19,6,2,18,2,10,2,19,0,Lobby 2,Semifinals,7.0,1.0,15.0,3.0,Split_2
17.0,CONT,13,18,0,17,1,5,2,15,0,Lobby 2,Semifinals,9.0,0.0,12.0,2.0,Split_2
18.0,RLP,10,9,1,14,0,13,2,9,0,Lobby 2,Semifinals,12.0,0.0,18.0,0.0,Split_2
19.0,Diamond Hands,7,17,0,16,0,20,0,6,3,Lobby 2,Semifinals,15.0,0.0,19.0,0.0,Split_2
20.0,OYO,4,19,0,15,0,11,0,17,0,Lobby 2,Semifinals,17.0,0.0,11.0,1.0,Split_2
1.0,RDM,75,4,11,5,4,16,0,5,6,Lobby 1,Finals,5.0,11.0,1.0,14.0,Split_2
2.0,ING,64,20,0,2,3,1,10,14,0,Lobby 1,Finals,3.0,5.0,2.0,8.0,Split_2
3.0,TPM,54,6,5,18,1,12,0,2,9,Lobby 1,Finals,1.0,14.0,17.0,0.0,Split_2
4.0,CDE,51,12,0,1,12,17,1,1,8,Lobby 1,Finals,19.0,0.0,7.0,2.0,Split_2
5.0,SDO,43,2,8,6,1,5,4,10,5,Lobby 1,Finals,4.0,0.0,10.0,0.0,Split_2
6.0,ChadP,40,1,13,12,0,14,0,8,3,Lobby 1,Finals,11.0,0.0,4.0,2.0,Split_2
7.0,MM,37,16,1,15,7,19,1,3,3,Lobby 1,Finals,12.0,8.0,9.0,6.0,Split_2
8.0,EX,37,9,4,14,2,9,1,17,1,Lobby 1,Finals,2.0,6.0,8.0,7.0,Split_2
9.0,EQ,30,14,0,3,4,8,3,4,6,Lobby 1,Finals,13.0,1.0,18.0,0.0,Split_2
10.0,WING,29,13,0,4,9,13,5,9,4,Lobby 1,Finals,18.0,1.0,14.0,0.0,Split_2
11.0,Shadow Point,28,3,4,8,3,4,2,7,0,Lobby 1,Finals,14.0,0.0,13.0,0.0,Split_2
12.0,ZLB,28,5,0,9,0,3,5,15,3,Lobby 1,Finals,10.0,1.0,6.0,0.0,Split_2
13.0,CIMJ,26,19,0,7,3,2,4,16,0,Lobby 1,Finals,6.0,4.0,19.0,0.0,Split_2
14.0,CCE UCX,25,8,3,17,3,20,0,13,3,Lobby 1,Finals,20.0,0.0,5.0,9.0,Split_2
15.0,AE,25,15,1,11,1,6,4,11,0,Lobby 1,Finals,8.0,0.0,3.0,4.0,Split_2
16.0,HC,21,10,5,19,0,7,3,6,1,Lobby 1,Finals,7.0,0.0,11.0,0.0,Split_2
17.0,ABST,19,11,1,10,1,11,10,19,1,Lobby 1,Finals,9.0,0.0,16.0,0.0,Split_2
18.0,RAWR,12,7,1,16,3,18,0,20,0,Lobby 1,Finals,17.0,5.0,20.0,0.0,Split_2
19.0,HVND,11,17,0,13,0,15,0,12,3,Lobby 1,Finals,15.0,0.0,12.0,3.0,Split_2
20.0,AST,7,18,0,20,0,10,4,18,0,Lobby 1,Finals,16.0,0.0,15.0,0.0,Split_2
1.0,RL,61,1,8,3,3,1,13,4,1,Lobby 1,Quarterfinals,,,,,Split_2
2.0,RDM,55,4,9,4,9,12,0,1,14,Lobby 1,Quarterfinals,,,,,Split_2
3.0,SHEESH,50,3,13,20,0,2,10,5,7,Lobby 1,Quarterfinals,,,,,Split_2
4.0,TRP,46,16,5,2,10,4,3,7,11,Lobby 1,Quarterfinals,,,,,Split_2
5.0,Revenge,40,11,2,1,9,11,0,2,6,Lobby 1,Quarterfinals,,,,,Split_2
6.0,MM,28,18,0,13,8,3,11,14,0,Lobby 1,Quarterfinals,,,,,Split_2
7.0,iRL,28,2,9,11,3,13,3,16,2,Lobby 1,Quarterfinals,,,,,Split_2
8.0,North,21,6,3,5,3,6,1,12,3,Lobby 1,Quarterfinals,,,,,Split_2
9.0,VHS,20,7,0,6,3,10,0,3,2,Lobby 1,Quarterfinals,,,,,Split_2
10.0,BBB,14,5,1,9,1,8,3,11,0,Lobby 1,Quarterfinals,,,,,Split_2
11.0,rats,12,17,6,7,3,17,0,19,0,Lobby 1,Quarterfinals,,,,,Split_2
12.0,EQ,12,15,0,19,0,5,7,20,0,Lobby 1,Quarterfinals,,,,,Split_2
13.0,HaZarD,11,10,0,16,0,9,1,6,3,Lobby 1,Quarterfinals,,,,,Split_2
14.0,CPS,10,14,0,14,0,16,2,8,4,Lobby 1,Quarterfinals,,,,,Split_2
15.0,RT,10,9,0,8,3,14,1,13,0,Lobby 1,Quarterfinals,,,,,Split_2
16.0,BF,8,8,1,15,0,15,3,18,0,Lobby 1,Quarterfinals,,,,,Split_2
17.0,MBS,6,12,1,10,0,20,0,10,0,Lobby 1,Quarterfinals,,,,,Split_2
18.0,SK-J31,5,19,0,18,0,7,2,17,0,Lobby 1,Quarterfinals,,,,,Split_2
19.0,ARH,4,20,0,12,0,18,0,9,1,Lobby 1,Quarterfinals,,,,,Split_2
20.0,LVI,3,13,1,17,0,19,0,15,0,Lobby 1,Quarterfinals,,,,,Split_2
1.0,VOID,55,9,4,2,6,1,12,4,5,Lobby 2,Quarterfinals,,,,,Split_2
2.0,UORG,51,14,0,1,13,3,7,14,10,Lobby 2,Quarterfinals,,,,,Split_2
3.0,FBOSS,50,3,3,4,6,19,1,1,16,Lobby 2,Quarterfinals,,,,,Split_2
4.0,GP,29,17,1,10,5,4,2,3,7,Lobby 2,Quarterfinals,,,,,Split_2
5.0,CDE,27,2,9,12,3,7,2,16,0,Lobby 2,Quarterfinals,,,,,Split_2
6.0,CIMJ,25,1,5,9,1,17,0,10,3,Lobby 2,Quarterfinals,,,,,Split_2
7.0,ShameAssist,24,16,0,13,0,6,7,2,4,Lobby 2,Quarterfinals,,,,,Split_2
8.0,OYO,24,10,3,8,1,2,6,13,0,Lobby 2,Quarterfinals,,,,,Split_2
9.0,ZERO,24,7,3,3,4,10,0,5,1,Lobby 2,Quarterfinals,,,,,Split_2
10.0,PÂTÉ,22,4,7,6,5,16,0,9,0,Lobby 2,Quarterfinals,,,,,Split_2
11.0,CCE UCX,21,5,5,5,4,9,1,11,0,Lobby 2,Quarterfinals,,,,,Split_2
12.0,TAG NA,13,6,8,16,0,13,1,18,0,Lobby 2,Quarterfinals,,,,,Split_2
13.0,Patrón,12,11,1,11,0,14,5,15,2,Lobby 2,Quarterfinals,,,,,Split_2
14.0,Hotdoggers,12,8,3,14,0,8,3,12,0,Lobby 2,Quarterfinals,,,,,Split_2
15.0,MIKE,11,13,0,7,3,15,3,19,0,Lobby 2,Quarterfinals,,,,,Split_2
16.0,BMM,9,12,1,15,0,11,0,8,3,Lobby 2,Quarterfinals,,,,,Split_2
17.0,NooB,8,18,0,17,0,5,1,6,0,Lobby 2,Quarterfinals,,,,,Split_2
18.0,FA,5,19,0,18,0,12,1,7,0,Lobby 2,Quarterfinals,,,,,Split_2
19.0,PRIMAL,1,15,0,19,0,18,0,17,0,Lobby 2,Quarterfinals,,,,,Split_2
20.0,SQUID,0,0,0,0,0,0,0,0,0,Lobby 2,Quarterfinals,,,,,Split_2
1.0,HVNDS,54,1,15,1,2,4,7,12,0,Lobby 3,Quarterfinals,,,,,Split_2
2.0,Devil's Rejects,49,13,3,2,8,8,1,1,13,Lobby 3,Quarterfinals,,,,,Split_2
3.0,WING,47,3,4,14,2,1,17,11,3,Lobby 3,Quarterfinals,,,,,Split_2
4.0,UNDOGS,39,11,1,6,9,7,3,2,10,Lobby 3,Quarterfinals,,,,,Split_2
5.0,HVND,36,10,2,3,15,14,4,10,3,Lobby 3,Quarterfinals,,,,,Split_2
6.0,CONT,36,7,4,10,2,2,9,5,3,Lobby 3,Quarterfinals,,,,,Split_2
7.0,EX,26,2,8,19,3,12,2,8,1,Lobby 3,Quarterfinals,,,,,Split_2
8.0,EXAgents,25,9,2,20,0,10,5,4,9,Lobby 3,Quarterfinals,,,,,Split_2
9.0,Yin & Yang,22,4,14,15,0,11,1,16,0,Lobby 3,Quarterfinals,,,,,Split_2
10.0,POSKITINO,17,5,2,7,2,18,0,7,3,Lobby 3,Quarterfinals,,,,,Split_2
11.0,Revised,16,6,3,11,1,15,1,9,4,Lobby 3,Quarterfinals,,,,,Split_2
12.0,MHG,14,14,0,12,0,17,3,3,2,Lobby 3,Quarterfinals,,,,,Split_2
13.0,CAA,12,19,0,8,6,19,0,6,1,Lobby 3,Quarterfinals,,,,,Split_2
14.0,CBM,11,18,0,13,1,9,3,14,3,Lobby 3,Quarterfinals,,,,,Split_2
15.0,SLOTH,11,12,0,4,1,6,0,13,0,Lobby 3,Quarterfinals,,,,,Split_2
16.0,HC,10,20,0,5,2,5,0,18,0,Lobby 3,Quarterfinals,,,,,Split_2
17.0,MXGamers,10,8,0,17,0,3,1,19,0,Lobby 3,Quarterfinals,,,,,Split_2
18.0,Underdogs,4,17,0,9,2,20,0,20,0,Lobby 3,Quarterfinals,,,,,Split_2
19.0,U-2,2,15,0,18,1,16,0,17,0,Lobby 3,Quarterfinals,,,,,Split_2
20.0,N U M,2,16,0,16,0,13,0,15,0,Lobby 3,Quarterfinals,,,,,Split_2
1.0,TPM,58,1,15,15,0,2,13,7,5,Lobby 4,Quarterfinals,,,,,Split_2
2.0,AST,54,11,1,13,0,1,13,1,14,Lobby 4,Quarterfinals,,,,,Split_2
3.0,ChadP,38,2,2,2,13,14,1,13,2,Lobby 4,Quarterfinals,,,,,Split_2
4.0,AE,34,4,3,7,5,5,12,15,1,Lobby 4,Quarterfinals,,,,,Split_2
5.0,Landry,32,3,5,16,4,3,5,14,3,Lobby 4,Quarterfinals,,,,,Split_2
6.0,ASUR,32,6,4,5,2,8,0,2,8,Lobby 4,Quarterfinals,,,,,Split_2
7.0,UNDD,32,10,5,1,7,4,1,19,0,Lobby 4,Quarterfinals,,,,,Split_2
8.0,SKSQ,24,5,5,9,5,13,0,6,4,Lobby 4,Quarterfinals,,,,,Split_2
9.0,DSR,20,13,1,3,8,15,0,9,0,Lobby 4,Quarterfinals,,,,,Split_2
10.0,GSG,16,7,6,11,0,20,0,10,4,Lobby 4,Quarterfinals,,,,,Split_2
11.0,Anarchy,16,9,3,12,3,18,0,5,3,Lobby 4,Quarterfinals,,,,,Split_2
12.0,ZLB,16,19,0,20,0,10,0,3,7,Lobby 4,Quarterfinals,,,,,Split_2
13.0,CRB,15,8,0,6,4,6,3,16,0,Lobby 4,Quarterfinals,,,,,Split_2
14.0,BABL,11,14,2,10,3,16,1,8,0,Lobby 4,Quarterfinals,,,,,Split_2
15.0,DG,9,15,0,4,0,19,0,12,2,Lobby 4,Quarterfinals,,,,,Split_2
16.0,YFP,8,12,0,19,0,11,3,11,2,Lobby 4,Quarterfinals,,,,,Split_2
17.0,GIBBY,7,18,0,14,0,12,0,4,0,Lobby 4,Quarterfinals,,,,,Split_2
18.0,RELENT,6,20,0,8,1,7,0,17,0,Lobby 4,Quarterfinals,,,,,Split_2
19.0,trash,5,17,1,18,0,9,0,18,2,Lobby 4,Quarterfinals,,,,,Split_2
20.0,trippin,3,16,0,17,0,17,3,20,0,Lobby 4,Quarterfinals,,,,,Split_2
1.0,RDM,88,1,23,3,5,5,8,2,14,Lobby 1,Semifinals,16.0,2.0,15.0,3.0,Split_2
2.0,TRP,70,17,1,4,5,1,18,1,8,Lobby 1,Semifinals,14.0,6.0,11.0,1.0,Split_2
3.0,BBB,60,4,5,15,0,15,1,4,8,Lobby 1,Semifinals,1.0,11.0,6.0,8.0,Split_2
4.0,FBOSS,59,2,5,2,6,6,2,17,0,Lobby 1,Semifinals,3.0,1.0,3.0,10.0,Split_2
5.0,MM,49,5,9,17,1,4,5,15,3,Lobby 1,Semifinals,12.0,6.0,4.0,9.0,Split_2
6.0,SHEESH,48,6,1,13,4,8,5,7,4,Lobby 1,Semifinals,15.0,3.0,1.0,9.0,Split_2
7.0,North,40,15,0,10,12,7,6,3,6,Lobby 1,Semifinals,13.0,0.0,9.0,0.0,Split_2
8.0,CDE,37,9,0,1,15,19,0,13,0,Lobby 1,Semifinals,5.0,0.0,10.0,1.0,Split_2
9.0,RL,37,19,0,5,2,10,0,14,0,Lobby 1,Semifinals,4.0,8.0,2.0,6.0,Split_2
10.0,iRL,35,7,0,11,3,17,0,10,1,Lobby 1,Semifinals,2.0,13.0,7.0,0.0,Split_2
11.0,Revenge,31,3,3,18,0,2,4,12,1,Lobby 1,Semifinals,8.0,1.0,18.0,3.0,Split_2
12.0,GP,22,8,4,7,1,9,5,11,0,Lobby 1,Semifinals,7.0,0.0,14.0,0.0,Split_2
13.0,CIMJ,21,10,0,14,3,13,0,9,0,Lobby 1,Semifinals,6.0,2.0,5.0,3.0,Split_2
14.0,ShameAssist,15,14,0,6,1,18,0,16,2,Lobby 1,Semifinals,10.0,2.0,12.0,3.0,Split_2
15.0,UORG,13,12,1,16,0,14,3,8,0,Lobby 1,Semifinals,9.0,3.0,17.0,0.0,Split_2
16.0,PÂTÉ,12,11,0,8,0,12,0,5,3,Lobby 1,Semifinals,18.0,0.0,13.0,0.0,Split_2
17.0,VHS,10,13,0,12,0,20,0,6,4,Lobby 1,Semifinals,11.0,0.0,19.0,0.0,Split_2
18.0,VOID,10,18,2,20,0,3,1,19,0,Lobby 1,Semifinals,20.0,0.0,20.0,0.0,Split_2
19.0,ZERO,5,20,0,9,0,16,0,18,0,Lobby 1,Semifinals,17.0,0.0,8.0,1.0,Split_2
20.0,OYO,4,16,0,19,0,11,3,20,0,Lobby 1,Semifinals,19.0,0.0,16.0,0.0,Split_2
1.0,WING,69,8,8,3,15,1,11,20,2,Lobby 2,Semifinals,5.0,6.0,10.0,0.0,Split_2
2.0,ChadP,57,6,2,18,0,2,7,13,0,Lobby 2,Semifinals,1.0,9.0,2.0,5.0,Split_2
3.0,TPM,54,20,0,2,9,20,0,4,9,Lobby 2,Semifinals,8.0,1.0,1.0,7.0,Split_2
4.0,ASUR,49,12,0,1,7,13,3,12,1,Lobby 2,Semifinals,2.0,3.0,4.0,6.0,Split_2
5.0,SKSQ,46,11,3,4,2,6,6,6,0,Lobby 2,Semifinals,9.0,6.0,3.0,8.0,Split_2
6.0,POSKITINO,46,18,0,6,5,4,2,2,8,Lobby 2,Semifinals,3.0,3.0,15.0,3.0,Split_2
7.0,HVND,45,13,5,19,0,9,6,7,3,Lobby 2,Semifinals,4.0,11.0,9.0,7.0,Split_2
8.0,UNDD,40,1,11,8,3,14,0,15,0,Lobby 2,Semifinals,13.0,1.0,7.0,5.0,Split_2
9.0,AST,38,15,3,12,1,17,1,3,12,Lobby 2,Semifinals,10.0,0.0,5.0,6.0,Split_2
10.0,EX,33,19,0,11,4,15,4,5,8,Lobby 2,Semifinals,6.0,6.0,13.0,1.0,Split_2
11.0,HVNDS,33,2,7,13,0,8,7,10,1,Lobby 2,Semifinals,7.0,0.0,11.0,0.0,Split_2
12.0,DSR,27,3,1,15,0,11,0,1,4,Lobby 2,Semifinals,16.0,0.0,14.0,0.0,Split_2
13.0,Landry,23,5,6,7,1,7,2,11,0,Lobby 2,Semifinals,17.0,3.0,17.0,0.0,Split_2
14.0,EXAgents,22,4,1,5,3,19,0,8,3,Lobby 2,Semifinals,15.0,3.0,16.0,0.0,Split_2
15.0,AE,19,9,5,9,6,16,0,18,0,Lobby 2,Semifinals,12.0,3.0,20.0,0.0,Split_2
16.0,Yin & Yang,16,10,2,17,0,12,0,14,3,Lobby 2,Semifinals,14.0,0.0,6.0,3.0,Split_2
17.0,CONT,15,14,2,10,0,18,1,9,1,Lobby 2,Semifinals,19.0,0.0,12.0,5.0,Split_2
18.0,Devil's Rejects,14,16,0,20,0,3,5,16,2,Lobby 2,Semifinals,20.0,0.0,18.0,0.0,Split_2
19.0,ZLB,14,7,0,16,0,5,2,17,0,Lobby 2,Semifinals,11.0,2.0,8.0,0.0,Split_2
20.0,UNDOGS,9,17,0,14,2,10,2,19,0,Lobby 2,Semifinals,18.0,0.0,19.0,2.0,Split_2
1.0,WING,76,2,9,14,0,14,5,1,11,Lobby 1,Finals,4.0,4.0,1.0,7.0,Split_2
2.0,TPM,66,6,7,4,14,3,7,6,4,Lobby 1,Finals,13.0,2.0,3.0,6.0,Split_2
3.0,North,65,3,7,8,0,1,11,15,0,Lobby 1,Finals,1.0,10.0,10.0,1.0,Split_2
4.0,SHEESH,57,18,2,16,0,4,4,5,13,Lobby 1,Finals,5.0,3.0,2.0,13.0,Split_2
5.0,RDM,48,9,0,10,7,10,4,2,6,Lobby 1,Finals,2.0,7.0,18.0,0.0,Split_2
6.0,FBOSS,43,4,2,1,5,15,0,9,3,Lobby 1,Finals,9.0,8.0,15.0,2.0,Split_2
7.0,HVND,39,13,3,12,6,2,11,17,0,Lobby 1,Finals,8.0,5.0,13.0,0.0,Split_2
8.0,ASUR,37,1,9,9,0,5,3,11,1,Lobby 1,Finals,7.0,2.0,19.0,0.0,Split_2
9.0,HVNDS,36,15,0,2,14,17,0,4,1,Lobby 1,Finals,10.0,0.0,7.0,1.0,Split_2
10.0,AST,34,16,1,13,0,16,4,3,4,Lobby 1,Finals,16.0,3.0,4.0,9.0,Split_2
11.0,MM,26,17,0,6,2,6,0,16,3,Lobby 1,Finals,3.0,8.0,16.0,0.0,Split_2
12.0,RL,26,7,4,3,0,7,3,13,2,Lobby 1,Finals,15.0,1.0,12.0,0.0,Split_2
13.0,SKSQ,23,10,5,5,2,13,0,14,1,Lobby 1,Finals,18.0,0.0,9.0,5.0,Split_2
14.0,iRL,20,5,4,7,4,18,0,18,3,Lobby 1,Finals,14.0,1.0,20.0,0.0,Split_2
15.0,CDE,15,19,0,17,0,11,0,20,0,Lobby 1,Finals,6.0,2.0,8.0,7.0,Split_2
16.0,UNDD,14,14,1,19,0,8,2,10,2,Lobby 1,Finals,12.0,0.0,6.0,0.0,Split_2
17.0,ChadP,12,12,1,11,1,9,3,19,0,Lobby 1,Finals,19.0,0.0,11.0,2.0,Split_2
18.0,BBB,10,11,2,18,0,12,1,8,1,Lobby 1,Finals,20.0,0.0,14.0,1.0,Split_2
19.0,POSKITINO,10,8,0,15,0,20,0,12,0,Lobby 1,Finals,17.0,0.0,5.0,2.0,Split_2
20.0,TRP,8,20,0,20,0,19,0,7,0,Lobby 1,Finals,11.0,2.0,17.0,2.0,Split_2
1.0,EQ,72,6,10,12,4,1,23,1,7,Lobby 1,Quarterfinals,,,,,Split_2
2.0,SDO,47,3,7,1,11,8,4,7,1,Lobby 1,Quarterfinals,,,,,Split_2
3.0,TPM,39,4,5,3,4,19,1,4,12,Lobby 1,Quarterfinals,,,,,Split_2
4.0,FBOSS,37,1,11,4,3,14,1,12,3,Lobby 1,Quarterfinals,,,,,Split_2
5.0,EX,31,7,1,18,0,4,4,2,9,Lobby 1,Quarterfinals,,,,,Split_2
6.0,BABL,31,2,8,16,0,2,1,14,3,Lobby 1,Quarterfinals,,,,,Split_2
7.0,GSG,25,13,0,6,5,6,6,5,3,Lobby 1,Quarterfinals,,,,,Split_2
8.0,ABST,24,10,0,2,8,9,2,11,0,Lobby 1,Quarterfinals,,,,,Split_2
9.0,ZLB,20,5,1,10,2,3,4,18,0,Lobby 1,Quarterfinals,,,,,Split_2
10.0,Neko Arc,16,12,3,8,8,17,0,9,0,Lobby 1,Quarterfinals,,,,,Split_2
11.0,UORG,14,8,3,15,1,10,4,15,0,Lobby 1,Quarterfinals,,,,,Split_2
12.0,ABW,14,11,0,5,0,18,0,6,6,Lobby 1,Quarterfinals,,,,,Split_2
13.0,Miami,13,16,3,11,1,16,0,8,6,Lobby 1,Quarterfinals,,,,,Split_2
14.0,Stoop,13,20,0,19,3,11,0,3,2,Lobby 1,Quarterfinals,,,,,Split_2
15.0,OSU Esports,10,18,0,13,2,5,2,19,1,Lobby 1,Quarterfinals,,,,,Split_2
16.0,ill,9,19,0,9,5,15,1,16,0,Lobby 1,Quarterfinals,,,,,Split_2
17.0,B&C,9,9,2,17,0,7,0,10,0,Lobby 1,Quarterfinals,,,,,Split_2
18.0,PÂTÉ,8,15,3,14,1,13,1,17,0,Lobby 1,Quarterfinals,,,,,Split_2
19.0,TSin,5,14,1,20,1,20,0,13,1,Lobby 1,Quarterfinals,,,,,Split_2
20.0,Tuguy,5,17,0,7,0,12,1,20,0,Lobby 1,Quarterfinals,,,,,Split_2
1.0,CCE UCX,54,3,2,3,6,6,4,2,16,Lobby 2,Quarterfinals,,,,,Split_2
2.0,MM,53,1,8,4,2,1,13,15,0,Lobby 2,Quarterfinals,,,,,Split_2
3.0,BBB,40,8,5,11,5,3,7,3,6,Lobby 2,Quarterfinals,,,,,Split_2
4.0,CDE,36,16,0,1,9,8,4,4,4,Lobby 2,Quarterfinals,,,,,Split_2
5.0,IRONIC,34,12,5,6,2,2,6,6,5,Lobby 2,Quarterfinals,,,,,Split_2
6.0,OYO,27,2,6,13,1,4,0,10,3,Lobby 2,Quarterfinals,,,,,Split_2
7.0,North,25,11,1,9,4,15,0,1,4,Lobby 2,Quarterfinals,,,,,Split_2
8.0,iRL,22,4,7,15,7,14,1,17,0,Lobby 2,Quarterfinals,,,,,Split_2
9.0,ING,22,19,0,20,0,5,10,5,4,Lobby 2,Quarterfinals,,,,,Split_2
10.0,CIMJ,22,7,7,10,2,10,4,9,0,Lobby 2,Quarterfinals,,,,,Split_2
11.0,laundro,18,10,4,7,6,16,0,7,0,Lobby 2,Quarterfinals,,,,,Split_2
12.0,RAWR,18,15,3,2,2,20,0,16,3,Lobby 2,Quarterfinals,,,,,Split_2
13.0,BlueCord,16,17,0,5,4,19,0,11,7,Lobby 2,Quarterfinals,,,,,Split_2
14.0,Anfield,11,5,1,8,0,12,2,13,0,Lobby 2,Quarterfinals,,,,,Split_2
15.0,Easy,10,13,3,12,0,13,3,14,0,Lobby 2,Quarterfinals,,,,,Split_2
16.0,cleevlund roxs,8,14,1,17,0,7,3,20,0,Lobby 2,Quarterfinals,,,,,Split_2
17.0,PredX,7,18,0,14,3,17,1,12,1,Lobby 2,Quarterfinals,,,,,Split_2
18.0,Adolla,6,6,0,18,3,18,0,19,0,Lobby 2,Quarterfinals,,,,,Split_2
19.0,RLP,6,20,0,16,1,11,0,8,2,Lobby 2,Quarterfinals,,,,,Split_2
20.0,LNT,5,9,1,19,0,9,0,18,0,Lobby 2,Quarterfinals,,,,,Split_2
1.0,TRP,67,9,4,1,13,1,14,14,9,Lobby 3,Quarterfinals,,,,,Split_2
2.0,RDM,50,2,2,3,12,3,10,6,0,Lobby 3,Quarterfinals,,,,,Split_2
3.0,BRB,44,17,0,4,9,2,7,3,7,Lobby 3,Quarterfinals,,,,,Split_2
4.0,AE,44,5,5,2,3,4,3,2,6,Lobby 3,Quarterfinals,,,,,Split_2
5.0,RT,35,4,3,6,5,13,0,1,6,Lobby 3,Quarterfinals,,,,,Split_2
6.0,ShameAssist,26,10,3,12,0,5,3,4,8,Lobby 3,Quarterfinals,,,,,Split_2
7.0,HVND,25,3,10,7,4,15,0,19,0,Lobby 3,Quarterfinals,,,,,Split_2
8.0,CBM,20,13,7,5,0,9,1,12,4,Lobby 3,Quarterfinals,,,,,Split_2
9.0,AST,18,6,8,13,1,11,0,9,2,Lobby 3,Quarterfinals,,,,,Split_2
10.0,Lyfe,17,1,4,20,0,16,0,18,1,Lobby 3,Quarterfinals,,,,,Split_2
11.0,CPS,16,18,0,10,3,8,6,7,0,Lobby 3,Quarterfinals,,,,,Split_2
12.0,FHR,12,7,1,16,0,10,4,11,1,Lobby 3,Quarterfinals,,,,,Split_2
13.0,CONT,10,20,0,15,0,7,4,10,0,Lobby 3,Quarterfinals,,,,,Split_2
14.0,CRB,9,16,0,11,1,17,0,8,5,Lobby 3,Quarterfinals,,,,,Split_2
15.0,HS10K,9,15,0,19,0,20,0,5,4,Lobby 3,Quarterfinals,,,,,Split_2
16.0,832,8,19,0,18,0,6,4,16,1,Lobby 3,Quarterfinals,,,,,Split_2
17.0,Excel,8,11,0,9,0,14,3,15,0,Lobby 3,Quarterfinals,,,,,Split_2
18.0,HaZarD,7,14,3,17,2,19,0,13,0,Lobby 3,Quarterfinals,,,,,Split_2
19.0,tgt,6,12,1,8,1,12,0,17,0,Lobby 3,Quarterfinals,,,,,Split_2
20.0,Anarchy,3,8,0,14,0,18,0,20,0,Lobby 3,Quarterfinals,,,,,Split_2
1.0,SHEESH,66,6,8,4,8,1,16,2,5,Lobby 4,Quarterfinals,,,,,Split_2
2.0,SKSQ,51,10,3,13,3,2,4,1,17,Lobby 4,Quarterfinals,,,,,Split_2
3.0,UNDOGS,40,7,4,2,9,19,0,3,8,Lobby 4,Quarterfinals,,,,,Split_2
4.0,HC,39,2,13,5,4,7,6,19,0,Lobby 4,Quarterfinals,,,,,Split_2
5.0,MH,37,1,11,9,6,18,0,13,5,Lobby 4,Quarterfinals,,,,,Split_2
6.0,Guppies,35,3,6,18,2,5,5,4,6,Lobby 4,Quarterfinals,,,,,Split_2
7.0,VOID,27,5,1,1,7,13,1,11,0,Lobby 4,Quarterfinals,,,,,Split_2
8.0,YFP,23,18,0,3,10,15,2,15,2,Lobby 4,Quarterfinals,,,,,Split_2
9.0,ASUR,21,8,5,7,0,3,2,8,0,Lobby 4,Quarterfinals,,,,,Split_2
10.0,WING,20,15,0,16,5,6,6,5,1,Lobby 4,Quarterfinals,,,,,Split_2
11.0,TS,18,14,0,8,0,8,3,6,7,Lobby 4,Quarterfinals,,,,,Split_2
12.0,Shadow Point,12,11,0,10,1,10,3,9,1,Lobby 4,Quarterfinals,,,,,Split_2
13.0,Revenge,12,4,3,14,0,12,1,14,0,Lobby 4,Quarterfinals,,,,,Split_2
14.0,FA,8,17,0,17,0,14,1,10,4,Lobby 4,Quarterfinals,,,,,Split_2
15.0,Vortex CGO,8,12,1,12,0,17,2,7,0,Lobby 4,Quarterfinals,,,,,Split_2
16.0,Raging Clue,8,13,0,15,0,4,0,12,0,Lobby 4,Quarterfinals,,,,,Split_2
17.0,LFBois,7,20,0,20,0,9,5,18,0,Lobby 4,Quarterfinals,,,,,Split_2
18.0,ChadP,5,9,0,11,2,16,0,16,0,Lobby 4,Quarterfinals,,,,,Split_2
19.0,Patrón,5,19,0,6,1,11,0,17,0,Lobby 4,Quarterfinals,,,,,Split_2
20.0,Rodents,0,16,0,19,0,20,0,20,0,Lobby 4,Quarterfinals,,,,,Split_2
1.0,GSG,78,1,8,10,2,6,3,2,9,Lobby 1,Semifinals,1.0,11.0,4.0,2.0,Split_2
2.0,MM,66,6,5,1,10,16,0,6,11,Lobby 1,Semifinals,8.0,11.0,5.0,5.0,Split_2
3.0,TPM,61,14,4,16,0,13,2,1,9,Lobby 1,Semifinals,3.0,4.0,1.0,9.0,Split_2
4.0,ZLB,50,2,9,11,3,3,3,3,1,Lobby 1,Semifinals,6.0,4.0,8.0,1.0,Split_2
5.0,North,46,10,1,2,3,1,14,19,0,Lobby 1,Semifinals,11.0,0.0,14.0,3.0,Split_2
6.0,SDO,44,4,1,4,5,2,8,11,3,Lobby 1,Semifinals,17.0,0.0,7.0,4.0,Split_2
7.0,ING,41,3,5,5,3,5,8,14,0,Lobby 1,Semifinals,9.0,3.0,15.0,3.0,Split_2
8.0,EQ,39,15,4,17,0,14,4,4,5,Lobby 1,Semifinals,16.0,0.0,2.0,10.0,Split_2
9.0,CCE UCX,38,5,6,6,13,8,6,16,0,Lobby 1,Semifinals,19.0,0.0,10.0,2.0,Split_2
10.0,iRL,30,7,9,3,5,12,0,15,2,Lobby 1,Semifinals,15.0,1.0,19.0,0.0,Split_2
11.0,ABST,29,17,0,13,0,11,0,18,0,Lobby 1,Semifinals,2.0,7.0,3.0,4.0,Split_2
12.0,OYO,24,11,3,19,0,4,5,13,2,Lobby 1,Semifinals,7.0,0.0,9.0,2.0,Split_2
13.0,CIMJ,23,16,2,14,3,9,2,7,3,Lobby 1,Semifinals,14.0,4.0,17.0,2.0,Split_2
14.0,EX,23,13,0,18,0,7,1,8,3,Lobby 1,Semifinals,5.0,2.0,6.0,4.0,Split_2
15.0,CDE,23,8,0,8,4,10,0,9,0,Lobby 1,Semifinals,4.0,5.0,11.0,0.0,Split_2
16.0,FBOSS,19,18,0,9,1,15,0,5,5,Lobby 1,Semifinals,10.0,0.0,13.0,3.0,Split_2
17.0,IRONIC,11,9,0,15,3,19,0,12,2,Lobby 1,Semifinals,13.0,0.0,16.0,1.0,Split_2
18.0,BABL,10,19,0,20,0,20,0,10,0,Lobby 1,Semifinals,12.0,3.0,12.0,3.0,Split_2
19.0,Neko Arc,6,12,0,7,2,17,0,20,0,Lobby 1,Semifinals,20.0,0.0,20.0,0.0,Split_2
20.0,BBB,3,20,1,12,0,18,0,17,1,Lobby 1,Semifinals,18.0,0.0,18.0,0.0,Split_2
1.0,WING,75,11,1,6,6,2,12,2,10,Lobby 2,Semifinals,8.0,5.0,3.0,10.0,Split_2
2.0,MH,63,2,5,1,9,18,0,14,0,Lobby 2,Semifinals,1.0,12.0,16.0,3.0,Split_2
3.0,TRP,55,6,5,19,0,15,5,6,6,Lobby 2,Semifinals,11.0,5.0,1.0,14.0,Split_2
4.0,SHEESH,43,17,0,15,1,1,11,3,6,Lobby 2,Semifinals,17.0,0.0,9.0,3.0,Split_2
5.0,AST,42,1,14,20,1,16,3,10,3,Lobby 2,Semifinals,16.0,0.0,10.0,5.0,Split_2
6.0,RT,42,12,1,2,3,12,1,1,9,Lobby 2,Semifinals,13.0,3.0,13.0,0.0,Split_2
7.0,RDM,41,10,3,9,3,3,9,12,2,Lobby 2,Semifinals,19.0,0.0,5.0,8.0,Split_2
8.0,Guppies,32,4,4,12,3,7,2,18,0,Lobby 2,Semifinals,20.0,0.0,2.0,5.0,Split_2
9.0,AE,31,7,4,5,7,8,3,7,1,Lobby 2,Semifinals,14.0,0.0,7.0,0.0,Split_2
10.0,UNDOGS,31,9,3,18,0,10,1,15,3,Lobby 2,Semifinals,2.0,4.0,4.0,1.0,Split_2
11.0,SKSQ,30,18,0,14,4,9,4,16,2,Lobby 2,Semifinals,3.0,9.0,15.0,0.0,Split_2
12.0,ASUR,29,8,2,16,0,4,6,5,5,Lobby 2,Semifinals,10.0,2.0,18.0,1.0,Split_2
13.0,CBM,29,5,5,10,3,19,0,9,4,Lobby 2,Semifinals,9.0,3.0,6.0,1.0,Split_2
14.0,HC,29,15,0,3,7,5,0,8,1,Lobby 2,Semifinals,7.0,0.0,8.0,2.0,Split_2
15.0,HVND,27,19,0,7,3,6,2,11,1,Lobby 2,Semifinals,4.0,8.0,12.0,0.0,Split_2
16.0,VOID,24,3,5,8,0,14,0,19,0,Lobby 2,Semifinals,5.0,4.0,14.0,0.0,Split_2
17.0,YFP,19,16,3,13,3,13,2,4,2,Lobby 2,Semifinals,15.0,0.0,11.0,0.0,Split_2
18.0,ShameAssist,13,14,0,4,1,11,0,20,0,Lobby 2,Semifinals,12.0,1.0,17.0,3.0,Split_2
19.0,BRB,7,13,2,17,0,17,0,13,0,Lobby 2,Semifinals,6.0,0.0,19.0,0.0,Split_2
20.0,Lyfe,1,20,0,11,0,20,0,17,0,Lobby 2,Semifinals,18.0,0.0,20.0,0.0,Split_2
1.0,WING,77,18,0,1,18,2,10,18,0,Lobby 1,Finals,4.0,3.0,1.0,8.0,Split_2
2.0,TRP,67,8,5,9,8,1,9,15,0,Lobby 1,Finals,3.0,3.0,2.0,9.0,Split_2
3.0,MH,61,7,6,16,3,3,6,8,7,Lobby 1,Finals,2.0,7.0,5.0,7.0,Split_2
4.0,SHEESH,54,2,5,2,1,10,1,14,0,Lobby 1,Finals,1.0,8.0,6.0,3.0,Split_2
5.0,Guppies,37,13,3,8,9,17,0,3,8,Lobby 1,Finals,6.0,2.0,14.0,1.0,Split_2
6.0,North,37,3,1,15,1,12,1,9,5,Lobby 1,Finals,7.0,11.0,7.0,1.0,Split_2
7.0,AE,37,1,6,12,1,4,6,20,0,Lobby 1,Finals,8.0,4.0,20.0,0.0,Split_2
8.0,RDM,35,12,0,7,1,5,8,13,6,Lobby 1,Finals,16.0,4.0,11.0,6.0,Split_2
9.0,AST,33,9,4,13,0,14,0,1,6,Lobby 1,Finals,18.0,1.0,12.0,5.0,Split_2
10.0,MM,30,16,2,10,0,18,0,10,2,Lobby 1,Finals,9.0,6.0,3.0,7.0,Split_2
11.0,CCE UCX,29,5,3,18,0,11,4,2,2,Lobby 1,Finals,12.0,3.0,8.0,0.0,Split_2
12.0,ING,26,4,11,20,0,16,4,17,0,Lobby 1,Finals,13.0,0.0,4.0,0.0,Split_2
13.0,ZLB,26,15,0,6,7,13,1,7,3,Lobby 1,Finals,5.0,2.0,15.0,0.0,Split_2
14.0,SDO,26,10,1,3,5,19,0,4,3,Lobby 1,Finals,10.0,1.0,16.0,0.0,Split_2
15.0,GSG,24,11,3,4,3,8,0,5,4,Lobby 1,Finals,20.0,0.0,10.0,0.0,Split_2
16.0,EQ,23,14,5,14,0,7,2,12,3,Lobby 1,Finals,14.0,0.0,9.0,4.0,Split_2
17.0,UNDOGS,21,6,0,17,2,6,3,6,4,Lobby 1,Finals,11.0,0.0,19.0,2.0,Split_2
18.0,TPM,9,17,0,11,1,20,0,11,4,Lobby 1,Finals,17.0,0.0,18.0,2.0,Split_2
19.0,iRL,9,19,0,5,0,15,2,19,0,Lobby 1,Finals,15.0,0.0,17.0,1.0,Split_2
20.0,RT,6,20,0,19,0,9,1,16,0,Lobby 1,Finals,19.0,0.0,13.0,2.0,Split_2
1.0,WING,48,13,5,1,14,10,6,7,5,Lobby 1,Quarterfinals,,,,,Split_2
2.0,Guppies,47,3,5,18,1,2,7,1,6,Lobby 1,Quarterfinals,,,,,Split_2
3.0,TRP,39,7,1,6,9,4,4,3,7,Lobby 1,Quarterfinals,,,,,Split_2
4.0,HP,34,15,0,3,5,1,8,11,0,Lobby 1,Quarterfinals,,,,,Split_2
5.0,AE,33,2,18,9,3,15,0,17,0,Lobby 1,Quarterfinals,,,,,Split_2
6.0,CIMJ,32,1,11,17,0,7,2,15,3,Lobby 1,Quarterfinals,,,,,Split_2
7.0,RT,27,11,0,8,11,3,6,19,0,Lobby 1,Quarterfinals,,,,,Split_2
8.0,YFP,27,19,0,4,2,17,2,2,9,Lobby 1,Quarterfinals,,,,,Split_2
9.0,ZERO,25,4,2,11,0,5,7,5,2,Lobby 1,Quarterfinals,,,,,Split_2
10.0,TAG NA,23,5,3,2,4,18,0,6,0,Lobby 1,Quarterfinals,,,,,Split_2
11.0,CONT,21,18,0,12,0,9,5,4,8,Lobby 1,Quarterfinals,,,,,Split_2
12.0,ING,19,6,5,7,2,16,3,14,2,Lobby 1,Quarterfinals,,,,,Split_2
13.0,FBOSS,18,14,3,13,4,11,3,13,4,Lobby 1,Quarterfinals,,,,,Split_2
14.0,Monke Mode 3B,13,9,0,5,0,6,1,8,1,Lobby 1,Quarterfinals,,,,,Split_2
15.0,INTER,8,8,0,16,0,13,0,10,3,Lobby 1,Quarterfinals,,,,,Split_2
16.0,Syndicate,8,10,0,10,0,12,0,9,1,Lobby 1,Quarterfinals,,,,,Split_2
17.0,2-DAY,5,12,0,14,0,14,0,12,1,Lobby 1,Quarterfinals,,,,,Split_2
18.0,HASH,4,16,0,15,0,19,0,16,3,Lobby 1,Quarterfinals,,,,,Split_2
19.0,ELK,2,17,0,19,0,8,0,18,0,Lobby 1,Quarterfinals,,,,,Split_2
20.0,laundro,0,20,0,20,0,20,0,20,0,Lobby 1,Quarterfinals,,,,,Split_2
1.0,CCE UCX,53,2,6,18,1,1,6,3,12,Lobby 2,Quarterfinals,,,,,Split_2
2.0,HCH,46,4,8,2,11,7,7,17,3,Lobby 2,Quarterfinals,,,,,Split_2
3.0,SSU,39,5,4,1,15,18,0,13,3,Lobby 2,Quarterfinals,,,,,Split_2
4.0,ONS,38,3,9,9,0,8,10,7,5,Lobby 2,Quarterfinals,,,,,Split_2
5.0,CYLX,32,14,0,7,5,17,0,1,11,Lobby 2,Quarterfinals,,,,,Split_2
6.0,GSG,32,1,7,5,3,5,1,14,0,Lobby 2,Quarterfinals,,,,,Split_2
7.0,IRONIC,28,15,3,13,3,3,6,8,5,Lobby 2,Quarterfinals,,,,,Split_2
8.0,TS,27,18,0,6,1,2,9,5,1,Lobby 2,Quarterfinals,,,,,Split_2
9.0,ASUR,21,9,3,12,1,14,6,4,2,Lobby 2,Quarterfinals,,,,,Split_2
10.0,iRL,18,20,0,16,1,16,0,2,8,Lobby 2,Quarterfinals,,,,,Split_2
11.0,LNT,18,13,0,17,5,4,2,6,2,Lobby 2,Quarterfinals,,,,,Split_2
12.0,UNDD,16,10,1,3,4,15,0,11,0,Lobby 2,Quarterfinals,,,,,Split_2
13.0,U-2,14,16,0,4,2,6,4,16,0,Lobby 2,Quarterfinals,,,,,Split_2
14.0,POSKITINO,12,7,3,10,1,13,1,12,0,Lobby 2,Quarterfinals,,,,,Split_2
15.0,Prodigy,11,6,4,19,1,9,0,15,0,Lobby 2,Quarterfinals,,,,,Split_2
16.0,AST,7,8,4,14,0,19,0,18,0,Lobby 2,Quarterfinals,,,,,Split_2
17.0,Poseidon,5,11,2,15,0,12,0,19,0,Lobby 2,Quarterfinals,,,,,Split_2
18.0,SDO,5,17,0,20,0,10,1,10,0,Lobby 2,Quarterfinals,,,,,Split_2
19.0,SNOW,5,19,0,8,0,11,0,9,0,Lobby 2,Quarterfinals,,,,,Split_2
20.0,RG,2,12,0,11,0,20,0,20,0,Lobby 2,Quarterfinals,,,,,Split_2
1.0,RAWR,47,1,13,2,6,14,3,7,0,Lobby 3,Quarterfinals,,,,,Split_2
2.0,VOID,46,2,4,3,6,3,6,6,4,Lobby 3,Quarterfinals,,,,,Split_2
3.0,HVND,41,8,4,9,4,1,16,15,0,Lobby 3,Quarterfinals,,,,,Split_2
4.0,PG,41,9,5,7,2,11,5,1,11,Lobby 3,Quarterfinals,,,,,Split_2
5.0,UORG,39,7,6,10,6,2,9,9,2,Lobby 3,Quarterfinals,,,,,Split_2
6.0,ChadP,33,14,1,5,1,5,2,2,11,Lobby 3,Quarterfinals,,,,,Split_2
7.0,OSU Esports,32,6,0,1,7,19,0,3,3,Lobby 3,Quarterfinals,,,,,Split_2
8.0,CDE,27,3,6,6,8,12,1,12,0,Lobby 3,Quarterfinals,,,,,Split_2
9.0,RDM,22,5,4,8,2,9,6,8,0,Lobby 3,Quarterfinals,,,,,Split_2
10.0,CBM,20,13,1,20,0,15,1,5,12,Lobby 3,Quarterfinals,,,,,Split_2
11.0,Tuguy,19,4,7,18,1,8,1,10,1,Lobby 3,Quarterfinals,,,,,Split_2
12.0,SKSQ,18,12,1,4,6,13,0,13,3,Lobby 3,Quarterfinals,,,,,Split_2
13.0,MFAM,16,18,0,16,3,17,3,4,5,Lobby 3,Quarterfinals,,,,,Split_2
14.0,cleevlund roxs,12,16,0,14,1,4,2,11,2,Lobby 3,Quarterfinals,,,,,Split_2
15.0,MLUL,10,10,1,11,2,6,0,19,1,Lobby 3,Quarterfinals,,,,,Split_2
16.0,WKM,10,15,0,12,2,7,2,14,0,Lobby 3,Quarterfinals,,,,,Split_2
17.0,ill,6,11,4,15,0,16,0,18,0,Lobby 3,Quarterfinals,,,,,Split_2
18.0,ABZ,5,17,0,13,1,18,0,16,3,Lobby 3,Quarterfinals,,,,,Split_2
19.0,Shadow Point,3,19,0,17,0,20,0,17,3,Lobby 3,Quarterfinals,,,,,Split_2
20.0,RT,2,20,0,19,0,10,0,20,0,Lobby 3,Quarterfinals,,,,,Split_2
1.0,North,59,2,6,10,1,1,21,7,5,Lobby 4,Quarterfinals,,,,,Split_2
2.0,ASH,56,6,4,2,14,8,12,4,7,Lobby 4,Quarterfinals,,,,,Split_2
3.0,SHEESH,56,18,3,7,2,2,9,1,18,Lobby 4,Quarterfinals,,,,,Split_2
4.0,CAA,40,3,8,4,5,19,0,2,6,Lobby 4,Quarterfinals,,,,,Split_2
5.0,MBS,35,1,8,3,7,11,0,18,0,Lobby 4,Quarterfinals,,,,,Split_2
6.0,PAF,30,7,2,1,11,9,0,19,0,Lobby 4,Quarterfinals,,,,,Split_2
7.0,IGNORE,23,10,1,6,5,15,0,3,4,Lobby 4,Quarterfinals,,,,,Split_2
8.0,RL,23,4,6,18,0,3,3,12,1,Lobby 4,Quarterfinals,,,,,Split_2
9.0,SNOW,14,8,1,8,3,13,3,13,1,Lobby 4,Quarterfinals,,,,,Split_2
10.0,PBI,13,5,1,20,0,5,1,8,1,Lobby 4,Quarterfinals,,,,,Split_2
11.0,LFBois,12,12,2,5,1,12,0,6,0,Lobby 4,Quarterfinals,,,,,Split_2
12.0,ZLB,11,14,2,14,1,6,0,17,3,Lobby 4,Quarterfinals,,,,,Split_2
13.0,BBB,10,17,5,11,0,7,1,16,0,Lobby 4,Quarterfinals,,,,,Split_2
14.0,KMA,9,19,0,9,0,18,3,14,3,Lobby 4,Quarterfinals,,,,,Split_2
15.0,BR&C,9,11,0,15,0,10,2,11,2,Lobby 4,Quarterfinals,,,,,Split_2
16.0,Anfield,8,9,1,13,2,14,0,20,1,Lobby 4,Quarterfinals,,,,,Split_2
17.0,JOKER,8,15,0,12,3,17,0,9,1,Lobby 4,Quarterfinals,,,,,Split_2
18.0,ARCB,8,13,1,16,0,20,0,5,2,Lobby 4,Quarterfinals,,,,,Split_2
19.0,LF1M KP,8,20,0,17,1,4,0,10,0,Lobby 4,Quarterfinals,,,,,Split_2
20.0,VQ,1,16,0,19,0,16,0,15,0,Lobby 4,Quarterfinals,,,,,Split_2
1.0,TRP,78,7,6,2,10,3,8,3,5,Lobby 1,Semifinals,4.0,10.0,9.0,6.0,Split_2
2.0,HCH,72,1,12,10,3,4,3,10,7,Lobby 1,Semifinals,14.0,1.0,1.0,12.0,Split_2
3.0,SSU,58,4,5,16,0,7,12,1,7,Lobby 1,Semifinals,17.0,3.0,4.0,6.0,Split_2
4.0,GSG,58,9,2,4,6,2,6,6,4,Lobby 1,Semifinals,2.0,7.0,6.0,2.0,Split_2
5.0,RT,51,3,5,5,2,10,1,14,2,Lobby 1,Semifinals,1.0,14.0,15.0,0.0,Split_2
6.0,iRL,46,18,0,1,14,16,0,2,8,Lobby 1,Semifinals,18.0,0.0,11.0,2.0,Split_2
7.0,AE,37,11,1,8,6,5,5,8,7,Lobby 1,Semifinals,12.0,3.0,8.0,3.0,Split_2
8.0,WING,35,16,0,14,3,18,0,7,3,Lobby 1,Semifinals,7.0,3.0,2.0,10.0,Split_2
9.0,CIMJ,32,20,0,18,0,1,11,15,0,Lobby 1,Semifinals,8.0,6.0,18.0,0.0,Split_2
10.0,ASUR,31,14,3,7,0,8,3,18,0,Lobby 1,Semifinals,5.0,3.0,3.0,5.0,Split_2
11.0,CCE UCX,27,8,6,17,0,14,0,11,0,Lobby 1,Semifinals,3.0,2.0,5.0,4.0,Split_2
12.0,Guppies,26,19,0,3,5,19,3,5,5,Lobby 1,Semifinals,13.0,0.0,13.0,0.0,Split_2
13.0,ONS,23,2,6,9,3,9,0,20,0,Lobby 1,Semifinals,20.0,0.0,20.0,1.0,Split_2
14.0,TS,20,5,4,12,0,12,3,4,0,Lobby 1,Semifinals,16.0,0.0,12.0,1.0,Split_2
15.0,IRONIC,18,17,3,20,0,20,0,9,3,Lobby 1,Semifinals,11.0,0.0,10.0,7.0,Split_2
16.0,YFP,18,13,2,6,5,13,2,17,0,Lobby 1,Semifinals,10.0,2.0,17.0,0.0,Split_2
17.0,TAG NA,15,10,3,19,0,15,0,12,2,Lobby 1,Semifinals,9.0,1.0,7.0,0.0,Split_2
18.0,HP,10,6,0,13,0,11,0,16,0,Lobby 1,Semifinals,6.0,2.0,16.0,0.0,Split_2
19.0,CYLX,8,12,0,15,0,6,3,19,0,Lobby 1,Semifinals,19.0,0.0,19.0,0.0,Split_2
20.0,ZERO,8,15,0,11,0,17,0,13,2,Lobby 1,Semifinals,15.0,1.0,14.0,0.0,Split_2
1.0,HVND,72,6,11,15,2,1,19,6,5,Lobby 2,Semifinals,3.0,5.0,12.0,3.0,Split_2
2.0,VOID,64,7,8,14,1,19,0,1,7,Lobby 2,Semifinals,2.0,12.0,4.0,6.0,Split_2
3.0,CAA,62,16,0,11,3,9,6,3,7,Lobby 2,Semifinals,1.0,9.0,3.0,8.0,Split_2
4.0,SHEESH,62,1,5,13,5,6,5,7,10,Lobby 2,Semifinals,4.0,1.0,2.0,3.0,Split_2
5.0,RL,55,3,5,2,6,7,5,10,3,Lobby 2,Semifinals,7.0,2.0,5.0,6.0,Split_2
6.0,RDM,51,2,8,17,0,10,0,4,3,Lobby 2,Semifinals,11.0,1.0,1.0,10.0,Split_2
7.0,SNOW,40,8,4,7,1,3,7,20,0,Lobby 2,Semifinals,14.0,9.0,7.0,3.0,Split_2
8.0,North,39,17,0,3,7,4,4,9,2,Lobby 2,Semifinals,5.0,3.0,11.0,4.0,Split_2
9.0,UORG,37,13,1,8,0,2,6,2,5,Lobby 2,Semifinals,10.0,0.0,10.0,0.0,Split_2
10.0,ChadP,29,4,1,4,3,15,0,13,0,Lobby 2,Semifinals,8.0,4.0,14.0,6.0,Split_2
11.0,CDE,24,20,0,6,6,12,0,5,5,Lobby 2,Semifinals,6.0,0.0,9.0,0.0,Split_2
12.0,PAF,23,19,0,1,9,8,0,19,0,Lobby 2,Semifinals,18.0,0.0,19.0,0.0,Split_2
13.0,CBM,21,5,1,18,0,5,3,17,0,Lobby 2,Semifinals,15.0,3.0,8.0,3.0,Split_2
14.0,PG,19,15,2,9,4,13,0,12,1,Lobby 2,Semifinals,13.0,3.0,13.0,2.0,Split_2
15.0,OSU Esports,17,12,0,10,2,14,0,8,2,Lobby 2,Semifinals,9.0,1.0,6.0,1.0,Split_2
16.0,RAWR,16,9,5,5,2,16,0,16,3,Lobby 2,Semifinals,19.0,0.0,20.0,0.0,Split_2
17.0,MBS,9,14,3,19,0,17,0,18,0,Lobby 2,Semifinals,12.0,3.0,15.0,0.0,Split_2
18.0,IGNORE,8,10,0,20,0,18,2,15,3,Lobby 2,Semifinals,17.0,0.0,18.0,0.0,Split_2
19.0,ASH,7,18,0,16,3,20,0,14,0,Lobby 2,Semifinals,16.0,0.0,16.0,3.0,Split_2
20.0,PepegaBakeryInc,6,11,1,12,0,11,0,11,1,Lobby 2,Semifinals,20.0,0.0,17.0,0.0,Split_2
1.0,ASUR,62,6,4,2,6,13,1,1,9,Lobby 1,Finals,2.0,6.0,14.0,1.0,Split_2
2.0,VOID,59,5,2,3,12,4,3,4,12,Lobby 1,Finals,11.0,4.0,11.0,3.0,Split_2
3.0,ChadP,53,11,1,9,1,2,9,3,3,Lobby 1,Finals,20.0,0.0,1.0,8.0,Split_2
4.0,RT,50,4,2,6,3,11,3,2,7,Lobby 1,Finals,7.0,1.0,3.0,6.0,Split_2
5.0,TRP,40,18,0,18,0,9,6,7,0,Lobby 1,Finals,1.0,12.0,10.0,3.0,Split_2
6.0,WING,36,19,3,13,1,8,3,5,9,Lobby 1,Finals,5.0,7.0,13.0,1.0,Split_2
7.0,RDM,36,20,1,8,6,1,4,6,5,Lobby 1,Finals,17.0,0.0,15.0,2.0,Split_2
8.0,AE,36,1,13,10,1,12,1,9,0,Lobby 1,Finals,19.0,0.0,8.0,2.0,Split_2
9.0,RL,36,15,0,1,9,10,1,12,3,Lobby 1,Finals,18.0,0.0,4.0,2.0,Split_2
10.0,HVND,35,2,9,15,3,15,0,10,1,Lobby 1,Finals,10.0,6.0,19.0,1.0,Split_2
11.0,North,34,13,4,17,0,3,3,8,4,Lobby 1,Finals,4.0,4.0,12.0,3.0,Split_2
12.0,CIMJ,33,8,0,19,0,19,2,13,0,Lobby 1,Finals,3.0,5.0,2.0,7.0,Split_2
13.0,GSG,31,14,1,5,1,6,5,19,0,Lobby 1,Finals,8.0,3.0,5.0,7.0,Split_2
14.0,UORG,27,16,1,11,3,5,8,11,0,Lobby 1,Finals,14.0,0.0,7.0,5.0,Split_2
15.0,HCH,25,3,2,14,2,14,2,18,3,Lobby 1,Finals,6.0,4.0,18.0,0.0,Split_2
16.0,SHEESH,23,12,1,4,3,7,5,20,0,Lobby 1,Finals,16.0,0.0,16.0,5.0,Split_2
17.0,iRL,19,9,2,7,4,18,1,16,0,Lobby 1,Finals,12.0,3.0,9.0,1.0,Split_2
18.0,CAA,18,10,7,20,0,17,0,15,0,Lobby 1,Finals,13.0,1.0,6.0,3.0,Split_2
19.0,SSU,16,7,4,12,1,16,0,14,1,Lobby 1,Finals,9.0,3.0,20.0,0.0,Split_2
20.0,SNOW,5,17,0,16,0,20,1,17,0,Lobby 1,Finals,15.0,2.0,17.0,1.0,Split_2
